bname,btype,ra,dec,catalogue,nt,nb,z,fieldsize,countingmag,bgb,bgb_err
083918.74+361856.1,bllac,129.828125,36.3155899048,plotkin,14,21,0.335,77.9428561517,-19.1837,-150.235487481,-139.900045599
BZUJ1428+3912,uncertain,217.05792,39.20522,bzcat,17,22,0.26,98.6502277935,-19.1837,-81.5335586891,-105.905784526
115709.53+282200.7,bllac,179.289733887,28.3668708801,plotkin,22,19,0.3,86.3095856919,-19.1837,62.3166521077,123.083056741
BZBJ0819+1429,bllac,124.88158,14.49378,bzcat,2,2,0.494,54.961480669,-20.0384365365,0.0,0.0
BZBJ1626+3513,bllac,246.60771,35.22819,bzcat,9,4,0.497,54.6706636704,-20.054312972,158.441513049,108.668241092
001736.90+145101.9,bllac,4.40377998352,14.8505296707,plotkin,17,23,0.303,85.5161500922,-19.1837,-124.98716384,-139.537904824
BZUJ1415+1320,uncertain,213.99508,13.33992,bzcat,37,12,0.247,103.526619642,-19.1837,402.500451079,108.337690151
BZQJ2118+0013,fsrq,319.57246,0.22131,bzcat,18,9,0.463,58.190455308,-19.8689385409,246.452482311,134.737375018
BZBJ1257+2412,bllac,194.38304,24.21114,bzcat,58,60,0.141,177.01771069,-19.1837,-41.9206944154,-213.136947604
BZBJ0927+5545,bllac,141.91929,55.76333,bzcat,48,35,0.221,115.009086604,-19.1837,203.94555622,133.256702518
125820.79+612045.5,candidate,194.586654663,61.3460006714,plotkin,27,25,0.224,113.547559721,-19.1837,31.4710889282,104.67390153
J154929.4+023701.1,fsrq,237.3725,2.61697222222,chen,15,8,0.414,64.2944197655,-19.5783563352,155.41117362,100.571025448
172918.78+525559.2,bllac,262.328277588,52.9331283569,plotkin,20,12,0.349,75.0694043475,-19.1837,173.915070913,115.607745974
002200.95+000657.9,bllac,5.5039601326,0.116099998355,plotkin,28,24,0.306,84.7383754453,-19.1837,83.5608072668,139.448942998
BZBJ0416+0105,bllac,64.21858,1.08986,bzcat,36,25,0.287,89.9407816974,-19.1837,184.11319968,122.138349386
BZBJ0153-0118,candidate,28.39308,-1.30244,bzcat,63,51,0.255,100.46663079,-19.1837,194.725870662,160.796295226
BZQJ0047+2435,fsrq,11.93283,24.58781,bzcat,5,5,0.62,45.203313322,-20.6386994217,0.0,0.0
100408.18+144909.9,bllac,151.034103394,14.819439888,plotkin,2,0,0.712,40.2934827428,-21.00832047,156.422813512,110.607632167
BZBJ1647+2909,bllac,251.86188,29.16386,bzcat,60,81,0.132,188.709446717,-19.1837,-435.900661432,-260.822795667
BZUJ0748+2115,uncertain,117.18117,21.26253,bzcat,31,23,0.263,97.593696948,-19.1837,130.835844083,111.965501676
102130.75+141137.4,bllac,155.378158569,14.1937303543,plotkin,10,6,0.51,53.4505665615,-20.1220988455,147.590812395,138.747139015
BZQJ2256+2618,fsrq,344.16321,26.31214,bzcat,94,89,0.121,205.365091553,-19.1837,102.546781928,255.676911777
BZUJ1536+3742,uncertain,234.1165,37.70192,bzcat,2,2,0.679,41.898452391,-20.8812392858,0.0,0.0
BZQJ0825+2704,fsrq,126.44746,27.07278,bzcat,1,1,0.693,41.1984828074,-20.9358543879,0.0,0.0
BZBJ1544+0458,bllac,236.07779,4.97267,bzcat,23,13,0.326,79.921476299,-19.1837,212.84383087,120.346200936
BZQJ1545+3452,fsrq,236.29583,34.87969,bzcat,4,10,0.516,52.9084831337,-20.1528451019,-226.636921894,-180.757844534
BZUJ0304+0002,uncertain,46.24571,0.04325,bzcat,3,5,0.563,49.0677720725,-20.3827889139,-90.8081479077,-146.775296918
BZBJ0810+4911,bllac,122.7275,49.18436,bzcat,159,108,0.115,215.794828046,-19.1837,1039.09532902,311.348843915
161541.21+471111.7,candidate,243.921737671,47.1866111755,plotkin,49,37,0.199,127.078722108,-19.1837,198.643720683,142.908860294
BZBJ1643+2131,bllac,250.83025,21.51833,bzcat,82,76,0.154,162.546066447,-19.1837,94.7568018378,183.114778435
BZUJ0725-0054,uncertain,111.461,-0.91569,bzcat,4,20,0.128,194.43435768,-19.1837,-330.671912105,-145.845151323
022040.94-010410.8,bllac,35.1706085205,-1.06968998909,plotkin,31,23,0.35,74.8730284552,-19.1837,174.073655801,148.967160621
J164544.7+375526.3,fsrq,251.43625,37.9239722222,chen,3,2,0.598,46.605993908,-20.5426506785,52.1103114657,109.058802384
BZQJ1059+2057,fsrq,164.91267,20.95611,bzcat,5,7,0.392,67.5374362551,-19.4374489947,-51.679435921,-96.0945725095
133026.52+241521.5,bllac,202.610519409,24.255979538,plotkin,18,13,0.463,58.190455308,-19.8689385409,136.918045728,142.210335364
BZQJ1119+0410,fsrq,169.92842,4.17442,bzcat,0,1,0.736,39.2185523759,-21.0972664982,-85.9580569881,-140.981695761
140121.13+520928.9,bllac,210.33807373,52.1580314636,plotkin,8,3,0.482,56.1614635842,-19.9740246104,148.546069484,94.2770307182
123123.90+142124.4,bllac,187.849624634,14.3568000793,plotkin,33,29,0.256,100.097638494,-19.1837,64.9722460825,118.262428063
083148.87+042939.0,bllac,127.953659058,4.49419021606,plotkin,59,51,0.174,144.512217896,-19.1837,129.041006962,156.54534384
163709.50+432600.3,bllac,249.289611816,43.4334411621,plotkin,21,9,0.343,76.2719283916,-19.1837,259.446173563,112.779533732
BZBJ1402+1559,bllac,210.68554,15.99953,bzcat,29,21,0.244,104.726095138,-19.1837,128.41911823,105.860612004
BZQJ1143+1843,fsrq,175.77513,18.72856,bzcat,13,6,0.374,70.4776388998,-19.3166526407,166.728809499,98.6093322588
081827.35+281402.8,bllac,124.613967896,28.2341098785,plotkin,40,26,0.225,113.069086104,-19.1837,220.519017953,119.89670818
BZQJ2030-0503,fsrq,307.59342,-5.05356,bzcat,6,3,0.543,50.6195502692,-20.287213882,125.93993833,119.255656887
BZQJ1301+5018,fsrq,195.34779,50.30836,bzcat,28,14,0.386,68.4867351809,-19.3977595329,352.068791918,154.326196302
BZBJ1445+0039,bllac,221.32029,0.65953,bzcat,30,10,0.306,84.7383754453,-19.1837,417.804036334,126.898304278
BZQJ1618+0819,fsrq,244.61221,8.33075,bzcat,8,10,0.446,60.1543933351,-19.7714804109,-50.9209597543,-110.687221812
BZQJ1604+5714,fsrq,241.15562,57.24353,bzcat,0,0,0.72,39.9270291266,-21.0382829752,0.0,0.0
J074541.7+314256.6,fsrq,116.42375,31.7157222222,chen,8,6,0.461,58.4138942958,-19.8576459583,54.2997965417,94.5970405989
BZBJ0915+4738,bllac,138.97067,47.63894,bzcat,34,24,0.408,65.1438279113,-19.5406225772,216.385026155,153.861774517
J142314.2+505537.6,fsrq,215.809166667,50.9271111111,chen,21,17,0.276,93.2822205186,-19.1837,66.2471112772,94.7501610492
BZBJ0303+0554,bllac,45.87583,5.90839,bzcat,35,29,0.196,128.935261134,-19.1837,99.0162782875,122.39852116
BZQJ1221-0241,fsrq,185.34975,-2.69711,bzcat,3,4,0.665,42.6285307764,-20.8255450816,-65.1197150072,-181.402535024
BZQJ0222-1615,fsrq,35.50304,-16.25458,bzcat,0,0,0.698,40.955443361,-20.9551059762,0.0,0.0
BZQJ0124+2805,fsrq,21.23283,28.0865,bzcat,0,1,0.71,40.3864167758,-21.0007795985,-77.6005168082,-127.274310691
BZBJ1536+0137,bllac,234.19479,1.63319,bzcat,29,20,0.311,83.475652158,-19.1837,188.897559192,137.311123734
142832.60+424021.0,bllac,217.135864258,42.6725196838,plotkin,82,94,0.129,192.9698134,-19.1837,-248.274387981,-270.439967426
BZQJ1727+5510,fsrq,261.84779,55.18153,bzcat,57,56,0.247,103.526619642,-19.1837,16.1000180432,157.451262192
BZQJ0949+1752,fsrq,147.41567,17.88036,bzcat,1,4,0.693,41.1984828074,-20.9358543879,-217.828272704,-226.839092839
BZQJ0237+0526,fsrq,39.3085,5.44722,bzcat,8,1,0.561,49.2178908009,-20.3733751964,315.343374845,132.799230763
J102106.0+452331.6,fsrq,155.275,45.3921111111,chen,11,11,0.364,72.2379828027,-19.2472194769,0.0,0.0
BZBJ0730+3307,candidate,112.60854,33.12297,bzcat,148,125,0.112,221.429256173,-19.1837,467.061268587,310.803440985
BZBJ1244+0444,bllac,191.10538,4.74989,bzcat,12,11,0.4,66.3164425225,-19.4895097708,20.9095438535,92.5468788416
141140.54+340424.4,bllac,212.918945312,34.0734481812,plotkin,11,11,0.421,63.3343793693,-19.6217484873,0.0,0.0
155424.12+201125.4,bllac,238.600540161,20.1903991699,plotkin,26,29,0.222,114.517504753,-19.1837,-47.1117749592,-113.253501718
120412.11+114555.3,bllac,181.050491333,11.7653903961,plotkin,13,20,0.296,87.3926903944,-19.1837,-118.171519808,-107.831305347
090207.95+454433.0,bllac,135.533157349,45.7425003052,plotkin,20,20,0.289,89.3607366632,-19.1837,0.0,0.0
J092703.0+390220.7,fsrq,141.7625,39.0390833333,chen,2,0,0.695,41.1008394504,-20.9435707307,146.356780958,103.489872288
BZUJ1105+4653,uncertain,166.27946,46.88847,bzcat,98,84,0.112,221.429256173,-19.1837,284.298163488,253.601975234
BZQJ0107+2611,fsrq,16.9495,26.18572,bzcat,2,5,0.522,52.3790428902,-20.1832611788,-116.007024888,-130.847604944
J102738.5+605016.7,fsrq,156.910416667,60.8379722222,chen,7,15,0.332,78.5903887456,-19.1837,-171.22323922,-123.60061764
BZBJ0854+2006,bllac,133.70362,20.1085,bzcat,18,10,0.306,84.7383754453,-19.1837,167.121614534,104.241897744
204921.74-003926.6,bllac,312.340606689,-0.657410025597,plotkin,18,11,0.257,99.7315430444,-19.1837,113.812787141,82.2485332324
081251.44+555421.8,bllac,123.214347839,55.9060592651,plotkin,4,10,0.383,68.9726555789,-19.3777018294,-148.852298499,-118.719493742
BZUJ1721+3542,uncertain,260.28954,35.70447,bzcat,33,19,0.283,91.1256192427,-19.1837,233.430417834,113.220996471
BZUJ1347+3012,uncertain,206.90604,30.21447,bzcat,74,94,0.118,210.44721795,-19.1837,-408.837329614,-273.386560106
J154232.0+493842.7,fsrq,235.633333333,49.6451944444,chen,4,2,0.59,47.1424852133,-20.5068989057,100.982814163,117.113945272
BZQJ0006-0623,fsrq,1.55788,-6.39314,bzcat,11,10,0.347,75.4655864416,-19.1837,21.6997471918,91.808140187
BZBJ1506+0219,bllac,226.72421,2.31778,bzcat,27,24,0.22,115.505154815,-19.1837,47.0169522273,103.4372949
105344.12+492955.9,candidate,163.433868408,49.4988899231,plotkin,58,63,0.14,178.242442946,-19.1837,-104.688770744,-221.059455813
BZBJ1414+3430,candidate,213.53863,34.51603,bzcat,16,10,0.275,93.5993174175,-19.1837,99.2748884441,79.1782499581
121103.29-002005.2,bllac,182.763702393,-0.334789991379,plotkin,28,24,0.319,81.5381910745,-19.1837,84.5850523671,141.158235923
BZBJ1216+0929,candidate,184.02592,9.48594,bzcat,147,123,0.094,262.796931106,-19.1837,477.682878016,303.075418887
103346.39+370825.2,bllac,158.443313599,37.1403312683,plotkin,14,7,0.447,60.0346812137,-19.7773072942,178.988015972,110.956072085
BZBJ1210+0223,bllac,182.57379,2.39544,bzcat,34,17,0.383,68.9726555789,-19.3777018294,421.74817908,167.766365282
BZBJ1325+4115,bllac,201.49563,41.25014,bzcat,21,15,0.31,83.7249126578,-19.1837,125.813566985,117.407272103
BZBJ1326+2933,bllac,201.5625,29.55833,bzcat,21,12,0.431,62.0175927078,-19.682599325,214.89486548,129.201949206
124444.35+161621.7,bllac,191.184829712,16.2727203369,plotkin,10,11,0.456,58.9811768338,-19.8292153946,-26.5744703055,-117.620178655
110356.14+002236.3,bllac,165.983947754,0.376769989729,plotkin,27,24,0.275,93.5993174175,-19.1837,49.6374442221,109.202377289
090953.28+310603.1,bllac,137.472015381,31.1008796692,plotkin,39,33,0.272,94.5646872323,-19.1837,98.9876538739,129.663751104
BZUJ1413+4339,uncertain,213.43233,43.66253,bzcat,185,165,0.09,274.238946793,-19.1837,396.279602302,342.529793626
144248.28+120040.2,bllac,220.701187134,12.0111904144,plotkin,69,48,0.163,153.881947269,-19.1837,334.833069733,161.12556483
205456.85+001537.7,bllac,313.736907959,0.260490000248,plotkin,80,99,0.151,165.664110361,-19.1837,-299.10401671,-214.875414389
140519.62+305351.7,bllac,211.331787109,30.8976993561,plotkin,8,12,0.343,76.2719283916,-19.1837,-86.4820578545,-106.534522841
BZQJ0112+3208,fsrq,18.20971,32.13817,bzcat,3,1,0.603,46.2780473651,-20.5647681481,102.581475101,98.52628943
J105654.2+051713.2,fsrq,164.225833333,5.287,chen,9,7,0.456,58.9811768338,-19.8292153946,53.1489406111,98.8270215479
BZQJ0004+2019,fsrq,1.149,20.32842,bzcat,2,2,0.677,42.0008637963,-20.8733498714,0.0,0.0
163214.52+175849.6,bllac,248.060531616,17.9804496765,plotkin,11,15,0.287,89.9407816974,-19.1837,-66.950254429,-90.6768225188
J081059.0+413402.6,fsrq,122.745833333,41.5673888889,chen,3,2,0.507,53.7264894708,-20.1065996692,36.4678713337,76.3216004908
102453.63+233234.0,bllac,156.223480225,23.5427799225,plotkin,72,35,0.165,152.08521241,-19.1837,591.192090076,156.675660758
132239.31+494336.2,bllac,200.663803101,49.7267303467,plotkin,14,16,0.332,78.5903887456,-19.1837,-42.8058098049,-115.337631253
BZUJ0756+3834,uncertain,119.02933,38.56681,bzcat,65,68,0.216,117.535530116,-19.1837,-46.8274147529,-169.501155226
141030.84+610012.8,bllac,212.628494263,61.0035591125,plotkin,17,13,0.383,68.9726555789,-19.3777018294,99.2348656658,126.427127207
BZBJ1341+3716,candidate,205.41146,37.27897,bzcat,65,54,0.17,147.778761812,-19.1837,176.688097871,162.430471294
BZUJ1154+0238,uncertain,178.53867,2.63753,bzcat,39,45,0.211,120.182174685,-19.1837,-93.1813873024,-140.675094099
J153404.8+482340.7,fsrq,233.52,48.3946388889,chen,5,2,0.543,50.6195502692,-20.287213882,125.93993833,106.035810651
BZBJ1540+1447,bllac,235.20621,14.79608,bzcat,3,2,0.605,46.1484120677,-20.5735670877,51.685055449,108.168807475
125117.88+103907.2,bllac,192.824523926,10.6520204544,plotkin,22,18,0.245,104.322988843,-19.1837,64.2730520547,94.2701861961
BZUJ2346+4024,uncertain,356.632,40.40447,bzcat,232,182,0.084,293.446772486,-19.1837,983.995584174,372.142915017
BZQJ1525+1107,fsrq,231.26221,11.12892,bzcat,22,21,0.333,78.3732358199,-19.1837,21.422670887,129.407827859
112059.74+014456.9,bllac,170.248916626,1.74914002419,plotkin,12,10,0.368,71.5222583639,-19.2752000799,46.3597334278,100.772454443
BZBJ0213+1213,bllac,33.27167,12.21969,bzcat,20,17,0.252,101.591244664,-19.1837,48.5383723057,91.1378942328
BZBJ0219-1725,bllac,34.773,-17.42047,bzcat,126,124,0.128,194.43435768,-19.1837,41.3339890131,300.60354868
133612.16+231958.0,bllac,204.050674438,23.3327999115,plotkin,20,25,0.267,96.2221310836,-19.1837,-82.0910600687,-112.856548993
BZBJ1001+2911,bllac,150.29254,29.19375,bzcat,2,4,0.558,49.445114111,-20.3591960759,-89.0438226262,-131.772823988
BZQJ0319+1901,fsrq,49.96358,19.02536,bzcat,17,16,0.296,87.3926903944,-19.1837,16.8816456869,89.3930562695
161706.32+410647.0,bllac,244.276367188,41.1130714417,plotkin,30,20,0.267,96.2221310836,-19.1837,164.182120137,108.65830219
J102235.6+454105.4,fsrq,155.648333333,45.6848333333,chen,2,0,0.743,38.9184058058,-21.122687376,176.739776904,124.973894755
BZQJ0010+1058,fsrq,2.62921,10.97486,bzcat,188,176,0.089,277.260285076,-19.1837,237.499482413,348.152603863
221109.88-002327.4,bllac,332.791168213,-0.390960007906,plotkin,23,8,0.448,59.915506582,-19.7831223396,385.191456108,137.138737507
113503.57+320015.6,bllac,173.764892578,32.0043487549,plotkin,6,4,0.511,53.3593228957,-20.1272464273,74.0842317324,109.634651124
BZUJ1449+4221,uncertain,222.33633,42.35092,bzcat,47,41,0.179,140.63482698,-19.1837,97.2879903605,140.694341326
BZBJ0152+0147,candidate,28.165,1.78811,bzcat,234,237,0.08,307.853713977,-19.1837,-58.7718825017,-393.537625301
104125.63+132458.4,bllac,160.356796265,13.4162502289,plotkin,21,15,0.375,70.3068184355,-19.3235019512,143.558909637,133.966951025
BZBJ0737+3517,bllac,114.33717,35.29497,bzcat,66,39,0.213,119.108551752,-19.1837,420.16819652,149.999787036
BZQJ0932+5306,fsrq,143.17146,53.10939,bzcat,2,2,0.597,46.6722537598,-20.5382064068,0.0,0.0
BZQJ2320+1829,fsrq,350.19492,18.4905,bzcat,0,0,0.735,39.2619075702,-21.0936161195,0.0,0.0
BZBJ1028+1702,bllac,157.16379,17.03636,bzcat,53,48,0.169,148.6196212,-19.1837,80.2283485136,148.905198082
124602.52+011318.7,bllac,191.510513306,1.22188997269,plotkin,15,5,0.387,68.3264555693,-19.4044135228,252.618033735,108.508194131
J013352.7+011343.6,fsrq,23.4695833333,1.22877777778,chen,20,22,0.308,84.2283308707,-19.1837,-41.8591158043,-131.006327008
BZQJ1419+2706,fsrq,214.99708,27.10711,bzcat,5,2,0.538,51.0258221133,-20.262807294,123.498687446,103.980386296
BZQJ1025+4143,fsrq,156.26754,41.72567,bzcat,1,3,0.682,41.7459897844,-20.8930318084,-139.126391307,-184.964861528
BZBJ0809+3122,bllac,122.30613,31.373,bzcat,43,40,0.22,115.505154815,-19.1837,47.0169522273,131.684775991
111717.53+000633.5,bllac,169.323074341,0.109329998493,plotkin,9,7,0.451,59.5611999981,-19.8004955621,52.022864683,96.7331561062
BZQJ0741+3112,fsrq,115.29458,31.20006,bzcat,2,0,0.631,44.5393324135,-20.6855269531,114.218139524,80.7644209918
BZQJ2228-0753,fsrq,337.21921,-7.89628,bzcat,1,1,0.638,44.1289463163,-20.7149274011,0.0,0.0
BZQJ0128+4439,fsrq,22.17225,44.655,bzcat,32,30,0.228,111.658927432,-19.1837,31.5976376499,114.691155017
BZBJ0110-0047,bllac,17.55275,-0.79633,bzcat,10,1,0.548,50.2208112666,-20.3114118184,385.292279681,139.970543857
BZBJ0037+2141,candidate,9.34808,21.69811,bzcat,7,4,0.598,46.605993908,-20.5426506785,156.330934397,162.797817295
085506.39+260142.1,bllac,133.776657104,26.0283699036,plotkin,3,2,0.695,41.1008394504,-20.9435707307,73.178390479,153.15102523
BZQJ0149+1857,fsrq,27.45717,18.95572,bzcat,4,1,0.584,47.5546733989,-20.4797855454,147.935336231,106.791599119
BZQJ1028+0255,fsrq,157.085,2.92292,bzcat,2,1,0.715,40.1550822315,-21.0195936782,79.1373898731,129.794969934
140138.72+361121.9,bllac,210.411361694,36.1894187927,plotkin,1,2,0.507,53.7264894708,-20.1065996692,-36.4678713337,-76.3216004908
104029.01+094754.2,bllac,160.120895386,9.79839038849,plotkin,18,21,0.304,85.2551772678,-19.1837,-62.5525787725,-129.359378188
BZQJ1506+3730,fsrq,226.53971,37.51419,bzcat,3,1,0.674,42.1556399908,-20.8614745531,134.866668217,129.535204812
BZQJ1414+3928,fsrq,213.69438,39.47192,bzcat,1,2,0.657,43.0599833416,-20.7932189492,-63.1337301117,-132.129108469
BZQJ1153+0914,fsrq,178.30229,9.23397,bzcat,0,1,0.696,41.0522327567,-20.9474209886,-73.464655687,-120.490994098
BZQJ0017-0512,fsrq,4.39925,-5.21158,bzcat,19,20,0.227,112.124822087,-19.1837,-15.7829957253,-93.1062983986
BZQJ1131+3114,fsrq,172.7895,31.23486,bzcat,20,22,0.289,89.3607366632,-19.1837,-33.539123866,-104.967277601
BZBJ0033-1921,bllac,8.39304,-19.35936,bzcat,1,0,0.61,45.8281173141,-20.5954450062,52.6847097793,52.6847097793
BZBJ0106+3402,candidate,16.50121,34.03417,bzcat,7,3,0.579,47.9048071677,-20.4569908507,193.402869905,145.615151532
BZBJ2322+3436,bllac,350.68337,34.60389,bzcat,124,93,0.098,252.289637711,-19.1837,619.783056646,274.254143759
BZUJ1633+2112,uncertain,248.33229,21.21456,bzcat,38,46,0.198,127.691297658,-19.1837,-132.293306793,-153.122716359
100050.21+574609.1,bllac,150.209243774,57.7692108154,plotkin,2,2,0.64,44.0133762573,-20.7232714864,0.0,0.0
TeV J2347+517,bllac,356.770416667,51.7047222222,tevcat,167,56,0.044,555.462623456,-19.1837,2085.74744672,269.458904265
BZBJ1018+3128,bllac,154.64171,31.47606,bzcat,52,49,0.161,155.723422203,-19.1837,47.7321375813,147.3867967
BZUJ1757+5523,uncertain,269.36779,55.38669,bzcat,330,360,0.065,377.681494183,-19.1837,-577.694721954,-486.545638865
BZBJ2145-0434,bllac,326.38912,-4.57753,bzcat,262,290,0.07,351.078864315,-19.1837,-542.29700589,-440.845052766
J110539.0+020257.2,fsrq,166.4125,2.04922222222,chen,113,109,0.105,235.829782824,-19.1837,80.5995691563,276.435666575
171427.40+560156.0,bllac,258.614196777,56.0322418213,plotkin,13,11,0.401,66.1672813548,-19.4959498985,41.9986539943,95.2869771266
J160822.1+401217.9,fsrq,242.092083333,40.2049722222,chen,1,0,0.628,44.7180648778,-20.6728327098,56.4539108386,56.4539108386
000157.23-103117.3,bllac,0.488499999046,-10.5214796066,plotkin,26,14,0.252,101.591244664,-19.1837,194.153489223,96.6172391335
BZQJ1010+8250,fsrq,152.56575,82.83733,bzcat,0,0,0.322,80.8366439815,-19.1837,0.0,0.0
BZUJ1532+3020,uncertain,233.22413,30.34986,bzcat,37,33,0.361,72.7852774967,-19.2260486053,89.8240444466,173.609802266
BZUJ1105+3946,uncertain,166.47421,39.78247,bzcat,146,134,0.099,249.795585724,-19.1837,240.184809,309.080822881
BZBJ0323-0108,bllac,50.986,-1.14156,bzcat,10,9,0.392,67.5374362551,-19.4374489947,25.8397179605,104.034953278
J104146.8+523328.4,fsrq,160.445,52.5578888889,chen,2,3,0.678,41.9495824991,-20.877297221,-68.4894576984,-168.74001097
J170425.1+333146.1,fsrq,256.104583333,33.5294722222,chen,21,18,0.29,89.0737371263,-19.1837,50.3566954236,97.0374087011
BZQJ1506+4239,fsrq,226.721,42.65639,bzcat,3,7,0.587,47.347505121,-20.4933748398,-199.591840822,-198.528677599
BZQJ1038+0512,fsrq,159.69492,5.20808,bzcat,10,6,0.473,57.1019736672,-19.9247338099,114.333469342,107.482583145
J080644.4+484149.1,fsrq,121.685,48.6969722222,chen,18,13,0.37,71.170252299,-19.2890860039,116.954138519,121.474763772
BZBJ2329+1743,bllac,352.26375,17.725,bzcat,24,25,0.213,119.108551752,-19.1837,-15.5617850563,-102.341662662
BZQJ1028-0236,fsrq,157.14208,-2.61656,bzcat,9,6,0.476,56.784462606,-19.9412598907,86.8610921539,104.954656981
BZBJ0319+1845,bllac,49.96583,18.7595,bzcat,38,39,0.19,132.824770917,-19.1837,-16.4009407962,-134.157289685
163836.22+435403.0,bllac,249.650924683,43.9008407593,plotkin,13,10,0.469,57.5317205932,-19.9025478708,84.2914233799,125.339705823
BZBJ1022+5124,bllac,155.55258,51.40008,bzcat,86,83,0.142,175.810257294,-19.1837,62.948834464,251.156295691
163726.66+454749.0,bllac,249.361114502,45.7969512939,plotkin,50,41,0.192,131.501171844,-19.1837,147.913666929,145.418259028
BZQJ0202-0559,fsrq,30.52862,-5.98342,bzcat,20,26,0.189,133.49710657,-19.1837,-98.3039410048,-115.782773254
J091401.8+050750.6,fsrq,138.5075,5.13072222222,chen,20,11,0.301,86.043340762,-19.1837,187.126853108,109.211772308
BZBJ1501+2238,bllac,225.25767,22.63514,bzcat,29,42,0.235,108.50914594,-19.1837,-206.825621227,-145.797111629
BZBJ1226+2604,candidate,186.51717,26.07447,bzcat,56,50,0.176,142.934756525,-19.1837,96.9835897731,153.769886701
TeV J0232+202,bllac,38.2216666667,20.2725,tevcat,76,76,0.14,178.242442946,-19.1837,0.0,0.0
J084650.0+064148.9,fsrq,131.708333333,6.69691666667,chen,3,2,0.616,45.4507553174,-20.6214769409,53.9109748676,112.827311698
BZBJ1221+0821,bllac,185.38358,8.36228,bzcat,95,82,0.132,188.709446717,-19.1837,269.843266601,255.5578258
J130554.2+014929.9,fsrq,196.475833333,1.82497222222,chen,0,2,0.733,39.348983592,-21.0863008829,-169.892340571,-197.031172489
BZBJ1100+4210,candidate,165.08754,42.18142,bzcat,20,21,0.323,80.6057076654,-19.1837,-21.225168384,-128.214775413
BZQJ1153+5831,fsrq,178.34979,58.52733,bzcat,33,33,0.202,125.277502413,-19.1837,0.0,0.0
J124139.7+493405.6,fsrq,190.415416667,49.5682222222,chen,6,5,0.474,56.9956829868,-19.9302533042,28.7062687388,88.2455167322
080018.79+164557.1,bllac,120.078308105,16.7658805847,plotkin,24,28,0.309,83.9758052678,-19.1837,-83.7969633752,-150.076127049
122809.13-022136.1,bllac,187.03805542,-2.36002993584,plotkin,24,10,0.323,80.6057076654,-19.1837,297.152357376,117.98597452
BZBJ1544+5017,bllac,236.17888,50.28653,bzcat,5,2,0.494,54.961480669,-20.0384365365,93.8455422278,79.0137606712
BZBJ1233+5026,bllac,188.45529,50.43967,bzcat,33,31,0.207,122.391875871,-19.1837,30.9343194786,114.069647687
114930.35+243927.0,bllac,177.376464844,24.6574993134,plotkin,22,14,0.402,66.0188656637,-19.5023754812,168.715925866,118.664700606
BZQJ1111+1530,fsrq,167.82737,15.50836,bzcat,6,2,0.525,52.1189351596,-20.1983472017,156.500683766,106.288047442
BZBJ0127-0013,bllac,21.96179,-0.22961,bzcat,10,9,0.44,60.8842458434,-19.7362634899,24.8148710809,99.9087512273
BZQJ0152-1413,fsrq,28.13337,-14.22761,bzcat,0,0,0.349,75.0694043475,-19.1837,0.0,0.0
J134617.6+622044.7,fsrq,206.573333333,62.34575,chen,85,72,0.117,212.199252324,-19.1837,265.451927507,236.970390793
BZQJ1637+4717,fsrq,249.43804,47.29272,bzcat,1,0,0.735,39.2619075702,-21.0936161195,85.619335229,85.619335229
BZQJ0121+1149,fsrq,20.42333,11.83067,bzcat,5,7,0.57,48.5508036875,-20.4154918226,-93.339202717,-173.55821757
BZQJ0003+2129,fsrq,0.83063,21.49569,bzcat,3,4,0.45,59.6787730772,-19.7947162509,-25.9002826257,-72.1498385799
BZBJ1747+4937,bllac,266.76083,49.63306,bzcat,7,5,0.46,58.5263502004,-19.8519827707,54.0676159292,87.3907305071
BZBJ1216-0243,candidate,184.01362,-2.71825,bzcat,10,7,0.359,73.1552699375,-19.2118448812,66.7597843798,85.6967291342
J125500.5+034043.2,fsrq,193.752083333,3.67866666667,chen,9,6,0.437,61.2567780913,-19.718488785,73.4948355137,88.8041476334
BZQJ0113+1324,fsrq,18.47712,13.41458,bzcat,0,2,0.685,41.5948878567,-20.904775428,-140.760498852,-163.245771032
BZBJ1607+2541,bllac,241.91913,25.68769,bzcat,8,2,0.534,51.3564069762,-20.2431292977,243.161247562,124.120790174
205938.57-003756.0,bllac,314.910705566,-0.632219970226,plotkin,15,17,0.335,77.9428561517,-19.1837,-42.9244249946,-118.975015659
J163856.5+433513.0,fsrq,249.735416667,43.5869444444,chen,20,9,0.339,77.0974577349,-19.1837,236.954695935,110.282383858
BZQJ1520+4211,fsrq,230.1655,42.18653,bzcat,5,7,0.484,55.9572756082,-19.9848623792,-59.9310800611,-111.437971717
BZBJ0738+1742,bllac,114.53079,17.70528,bzcat,19,8,0.424,62.9327469721,-19.6401421823,254.897670648,114.744905998
140449.57+655431.6,bllac,211.206542969,65.908782959,plotkin,14,17,0.363,72.4193983819,-19.2401804123,-67.9816577193,-127.645506775
140630.18+123620.4,bllac,211.625747681,12.6056804657,plotkin,3,0,0.695,41.1008394504,-20.9435707307,219.535171437,126.748690326
211611.89-062830.4,bllac,319.049560547,-6.4751200676,plotkin,19,17,0.292,88.5056634596,-19.1837,33.6351611871,93.2276630247
BZBJ1552+3159,bllac,238.04262,31.98586,bzcat,7,3,0.584,47.5546733989,-20.4797855454,197.247114975,148.509525999
114023.48+152809.7,bllac,175.097839355,15.4693698883,plotkin,48,47,0.244,104.726095138,-19.1837,16.0523897787,143.962284895
BZQJ1708+0035,fsrq,257.18604,0.58597,bzcat,3,4,0.449,59.7968729201,-19.7889252507,-25.7896172154,-71.8415604193
094542.23+575747.7,bllac,146.425994873,57.9632492065,plotkin,24,23,0.229,111.197118358,-19.1837,15.8146448884,99.8579307257
BZBJ1203+5430,bllac,180.88196,54.50247,bzcat,2,6,0.478,56.575036751,-19.9522236124,-116.813252901,-109.813777537
BZQJ1023+2856,fsrq,155.85021,28.9475,bzcat,4,3,0.671,42.3118324432,-20.849548771,66.652581249,164.214430499
BZUJ2327+1524,uncertain,351.84154,15.41036,bzcat,634,616,0.046,531.535793371,-19.1837,339.026468432,612.939038131
BZBJ0123+3420,bllac,20.78563,34.34653,bzcat,17,28,0.272,94.5646872323,-19.1837,-181.477365435,-125.990714354
132617.70+122958.7,bllac,201.573776245,12.4996500015,plotkin,40,35,0.204,124.106225423,-19.1837,77.099437425,123.50357672
J101027.5+413238.9,fsrq,152.614583333,41.5441388889,chen,0,2,0.612,45.7014935923,-20.6041488911,-106.180385264,-123.1417834
BZBJ1147+2205,bllac,176.97975,22.09492,bzcat,20,17,0.276,93.2822205186,-19.1837,49.6853334579,93.2914815742
J132631.5+473755.8,fsrq,201.63125,47.6321666667,chen,1,0,0.682,41.7459897844,-20.8930318084,69.5631956537,69.5631956537
BZBJ2338+2124,candidate,354.73492,21.4115,bzcat,20,16,0.291,88.7887138639,-19.1837,67.2062867199,93.6075256103
BZQJ2211+2919,fsrq,332.87642,29.33025,bzcat,37,41,0.149,167.81268243,-19.1837,-84.565020217,-180.989394268
BZQJ0945+4636,fsrq,146.42538,46.61406,bzcat,3,2,0.639,44.0710690688,-20.7191025251,58.8955295808,123.259211875
BZBJ0349-1159,bllac,57.34667,-11.99083,bzcat,51,44,0.188,134.176615776,-19.1837,114.569299722,147.630363307
BZBJ0304-0054,bllac,46.1415,-0.90128,bzcat,12,5,0.511,53.3593228957,-20.1272464273,259.294811063,145.599548331
BZBJ1458+4832,bllac,224.61396,48.54611,bzcat,5,3,0.541,50.7811413905,-20.2774766026,83.305042694,110.751853345
BZUJ1312+4828,uncertain,198.18062,48.47525,bzcat,12,5,0.501,54.2884077204,-20.0753436102,249.363056987,140.022657294
BZQJ0224+0659,fsrq,36.11846,6.98981,bzcat,5,5,0.511,53.3593228957,-20.1272464273,0.0,0.0
BZBJ1143+7304,candidate,175.76971,73.06925,bzcat,79,62,0.123,202.114897016,-19.1837,349.42433859,226.825676732
BZUJ1927-0510,uncertain,291.93375,-5.16919,bzcat,0,0,0.328,79.4723256524,-19.1837,0.0,0.0
BZBJ0733+3515,candidate,113.37317,35.26189,bzcat,63,50,0.177,142.159428109,-19.1837,210.350913097,159.772987946
134633.98+244058.4,bllac,206.641616821,24.6829109192,plotkin,55,50,0.167,150.33162293,-19.1837,80.0595518589,151.479780832
BZQJ1644+2619,fsrq,251.17725,26.32033,bzcat,77,56,0.144,173.445764444,-19.1837,441.591220635,226.128435112
BZQJ1252+6451,fsrq,193.09913,64.86056,bzcat,18,8,0.312,83.2279932765,-19.1837,210.083115867,101.884896538
BZQJ1722+1013,fsrq,260.68575,10.22661,bzcat,2,2,0.732,39.3927028244,-21.0826362187,0.0,0.0
BZBJ1311+0853,candidate,197.98208,8.89472,bzcat,7,10,0.469,57.5317205932,-19.9025478708,-84.2914233799,-125.339705823
BZBJ1340-0148,bllac,205.15663,-1.81325,bzcat,13,9,0.513,53.1779132749,-20.137513887,149.330674811,163.626152583
BZUJ1717+4227,uncertain,259.33008,42.45,bzcat,47,46,0.183,137.685871042,-19.1837,16.2823555729,144.48239758
084225.51+025252.7,bllac,130.606323242,2.88131999969,plotkin,10,10,0.425,62.8001412569,-19.6462469244,0.0,0.0
BZQJ0819+3226,fsrq,124.75971,32.44367,bzcat,0,0,0.651,43.3906736619,-20.7687291199,0.0,0.0
BZBJ0839+4015,candidate,129.76292,40.26269,bzcat,37,46,0.194,130.204944819,-19.1837,-148.218984493,-153.380812101
BZQJ1510+3127,fsrq,227.66492,31.45444,bzcat,3,5,0.672,42.2596111305,-20.8535295594,-133.823510957,-216.302017031
BZQJ1300+2830,fsrq,195.11888,28.50283,bzcat,1,1,0.649,43.502292409,-20.760518235,0.0,0.0
J110718.9+100418.1,fsrq,166.82875,10.0716944444,chen,7,5,0.633,44.4211333779,-20.6939584573,115.100571614,186.039699777
BZBJ0757+0956,bllac,119.27767,9.94303,bzcat,24,20,0.266,96.5611321812,-19.1837,65.6090996488,100.843982085
BZQJ1202+2756,fsrq,180.64167,27.94056,bzcat,2,2,0.672,42.2596111305,-20.8535295594,0.0,0.0
BZBJ0927+5327,bllac,141.79417,53.45878,bzcat,41,38,0.201,125.871915317,-19.1837,46.1179276466,126.036920381
BZQJ1422+3223,fsrq,215.62658,32.38619,bzcat,2,5,0.682,41.7459897844,-20.8930318084,-208.689586961,-235.386888485
125300.95+382625.7,bllac,193.253982544,38.4404907227,plotkin,15,8,0.371,70.9956882393,-19.2960030805,164.479065828,106.439118435
BZQJ0955+4532,fsrq,148.91592,45.53808,bzcat,29,23,0.259,99.0078651005,-19.1837,97.7447696344,109.124008764
BZBJ1253+0326,bllac,193.44579,3.44169,bzcat,319,258,0.066,372.038370962,-19.1837,1176.00271718,429.799021764
BZBJ1451+6354,bllac,222.86604,63.90728,bzcat,0,0,0.65,43.4463971053,-20.7646265403,0.0,0.0
BZQJ1022+3931,fsrq,155.65592,39.53069,bzcat,3,2,0.604,46.2131223443,-20.5691709089,51.4874976626,107.755349659
082323.24+152447.9,bllac,125.846862793,15.4133300781,plotkin,47,43,0.167,150.33162293,-19.1837,64.0476414871,140.202540129
J141324.2+530525.7,fsrq,213.350833333,53.0904722222,chen,4,8,0.456,58.9811768338,-19.8292153946,-106.297881222,-111.23249215
BZQJ2118-0636,fsrq,319.68017,-6.605,bzcat,14,17,0.328,79.4723256524,-19.1837,-63.9716306338,-120.116094332
BZQJ1656+6012,fsrq,254.20104,60.20456,bzcat,0,0,0.623,45.0198557034,-20.6515478278,0.0,0.0
BZBJ0912+1555,candidate,138.12754,15.92444,bzcat,47,54,0.212,119.642821962,-19.1837,-108.822046478,-154.101628684
093807.86+371751.3,bllac,144.532791138,37.2976112366,plotkin,4,5,0.56,49.2933568453,-20.368656711,-44.8726264197,-137.942278099
BZQJ1140+4622,fsrq,175.19962,46.36803,bzcat,96,77,0.115,215.794828046,-19.1837,387.113946104,248.809939367
BZQJ1459+3337,fsrq,224.99367,33.61711,bzcat,2,1,0.645,43.7276451609,-20.744024723,60.2739007934,98.8565475036
J123157.1+542028.8,fsrq,187.987916667,54.3413333333,chen,3,9,0.516,52.9084831337,-20.1528451019,-226.636921894,-173.960139392
BZBJ1257+3647,bllac,194.31908,36.78747,bzcat,5,4,0.531,51.6076626021,-20.2282807188,40.0540380326,111.577638758
BZQJ0740+2852,fsrq,115.13975,28.87981,bzcat,0,0,0.711,40.3398815692,-21.004552673,0.0,0.0
BZUJ1350+0940,uncertain,207.59225,9.66964,bzcat,117,75,0.133,187.332097616,-19.1837,872.748696285,269.93662218
BZUJ1000+2233,uncertain,150.0915,22.55519,bzcat,11,8,0.419,63.6053673134,-19.6094188397,68.0456901371,92.1901220497
J074559.3+331334.5,fsrq,116.497083333,33.22625,chen,3,4,0.61,45.8281173141,-20.5954450062,-52.6847097793,-146.762618815
BZBJ1200+4758,bllac,180.195,47.97453,bzcat,38,33,0.265,96.9027157764,-19.1837,81.9317011543,127.739904189
BZQJ1514+4450,fsrq,228.65267,44.83447,bzcat,1,4,0.57,48.5508036875,-20.4154918226,-140.008804076,-145.800495554
BZBJ1201-0011,bllac,180.43192,-0.18722,bzcat,68,66,0.164,152.978089643,-19.1837,31.922593156,170.07583517
BZBJ0806+1330,bllac,121.56375,13.50547,bzcat,5,5,0.504,54.0057516453,-20.091014806,0.0,0.0
160118.96+063136.0,bllac,240.328994751,6.5266699791,plotkin,14,11,0.358,73.3418274377,-19.2047159189,66.4576628642,102.931933488
BZBJ1012+3932,bllac,153.24321,39.54417,bzcat,35,33,0.171,146.947760589,-19.1837,32.1588846411,122.214339759
BZBJ2340+2641,candidate,355.12096,26.69911,bzcat,17,10,0.372,70.8220662666,-19.3029032916,165.225662385,115.392720414
BZQJ0618+4620,fsrq,94.53421,46.33806,bzcat,0,0,0.607,46.0196506812,-20.5823384735,0.0,0.0
BZUJ2229+3057,uncertain,337.39229,30.95336,bzcat,11,14,0.32,81.3028720426,-19.1837,-63.4979519043,-109.287007781
J094857.3+002225.6,fsrq,147.23875,0.373777777778,chen,1,1,0.585,47.485378377,-20.4843224763,0.0,0.0
BZBJ0932+3630,bllac,143.04004,36.50072,bzcat,56,41,0.154,162.546066447,-19.1837,236.892004594,144.993045089
BZBJ0754+4202,bllac,118.50279,42.04672,bzcat,21,10,0.369,71.3457765626,-19.282151562,256.136234015,122.993011744
141756.67+254326.2,bllac,214.48614502,25.7239494324,plotkin,38,30,0.236,108.07449361,-19.1837,127.404079442,122.014767818
BZQJ1350+3034,fsrq,207.71975,30.58156,bzcat,0,2,0.712,40.2934827428,-21.00832047,-156.422813512,-181.410004988
J135726.4+001543.8,fsrq,209.36,0.262166666667,chen,1,3,0.662,42.7890791828,-20.8134660824,-128.734651719,-171.149318295
BZUJ1154+1225,uncertain,178.54342,12.41936,bzcat,192,167,0.081,304.118493901,-19.1837,490.323536725,343.77519944
BZBJ0047+3948,bllac,11.98004,39.816,bzcat,13,13,0.252,101.591244664,-19.1837,0.0,0.0
J162229.3+400643.5,fsrq,245.622083333,40.1120833333,chen,2,0,0.688,41.4451316897,-20.9164703095,142.415055511,100.702651495
BZUJ2239-0631,uncertain,339.94542,-6.53083,bzcat,29,12,0.292,88.5056634596,-19.1837,285.898870091,102.683690597
J095855.1+423703.8,fsrq,149.729583333,42.6177222222,chen,2,2,0.664,42.6818845167,-20.8215243323,0.0,0.0
083357.08+472652.9,bllac,128.487854004,47.4480514526,plotkin,4,10,0.494,54.961480669,-20.0384365365,-187.691084456,-149.69597884
BZUJ1030+3102,uncertain,157.74625,31.04889,bzcat,58,62,0.18,139.885264717,-19.1837,-64.9263312269,-169.291595843
BZQJ0748+2400,fsrq,117.15038,24.00669,bzcat,11,8,0.409,65.0005081381,-19.5469469088,65.194092163,88.3267007993
J090835.8+415046.0,fsrq,137.149166667,41.8461111111,chen,0,0,0.734,39.3053836086,-21.0899609912,0.0,0.0
094620.22+010452.0,bllac,146.584259033,1.08112001419,plotkin,4,2,0.577,48.0465881857,-20.4478214163,95.9435550153,111.269708063
132301.00+043951.3,bllac,200.754196167,4.66426992416,plotkin,50,35,0.224,113.547559721,-19.1837,236.033166961,135.499393773
111207.95+260803.7,bllac,168.033126831,26.1343593597,plotkin,7,3,0.45,59.6787730772,-19.7947162509,103.601130503,78.0024325622
BZUJ1142+1547,uncertain,175.53221,15.79839,bzcat,27,20,0.299,86.5776313173,-19.1837,118.508068909,108.138405813
BZBJ1210+3929,bllac,182.61113,39.48583,bzcat,12,5,0.617,45.3885892349,-20.6257923441,378.827620135,212.719761575
BZBJ0401+8153,candidate,60.37408,81.88703,bzcat,29,19,0.215,118.054975123,-19.1837,155.933508638,101.188712878
BZBJ0509-0400,candidate,77.40892,-4.01264,bzcat,0,0,0.304,85.2551772678,-19.1837,0.0,0.0
J123807.8+532555.8,fsrq,189.5325,53.4321666667,chen,20,9,0.347,75.4655864416,-19.1837,238.69721911,111.093381121
BZQJ1727+4530,fsrq,261.86521,45.51103,bzcat,0,2,0.717,40.0634702158,-21.0270843516,-159.522504384,-185.004844665
BZQJ0923+2815,fsrq,140.96467,28.25694,bzcat,0,1,0.744,38.8759972205,-21.1263004005,-88.7203597286,-145.512209109
BZQJ1234+4753,fsrq,188.55554,47.89756,bzcat,7,5,0.373,70.6493891002,-19.3097863129,47.4215875033,76.6486019865
BZUJ1954-1123,uncertain,298.6715,-11.38961,bzcat,0,1,0.683,41.6954698396,-20.8969519438,-69.8344303851,-114.536981909
BZQJ1158+2450,fsrq,179.60746,24.83833,bzcat,44,35,0.202,125.277502413,-19.1837,138.49549134,127.035779272
225354.23+140436.9,bllac,343.476013184,14.0769300461,plotkin,15,17,0.327,79.6962123115,-19.1837,-42.6082559538,-118.098679713
120837.27+115937.9,bllac,182.155334473,11.9938697815,plotkin,14,7,0.369,71.3457765626,-19.282151562,162.995785282,101.042363105
165808.34+615001.9,bllac,254.534744263,61.8338890076,plotkin,19,12,0.374,70.4776388998,-19.3166526407,166.728809499,124.404128206
TeV J0416+010,bllac,64.2206666667,1.089,tevcat,38,25,0.287,89.9407816974,-19.1837,217.588326894,124.410885624
134029.79+441003.9,bllac,205.124160767,44.1677703857,plotkin,12,11,0.546,50.3794143251,-20.3017575689,42.4761407915,188.00191353
BZBJ1243+5212,bllac,190.78742,52.21253,bzcat,45,31,0.2,126.472291908,-19.1837,214.996602606,125.128113184
122300.30+515313.9,bllac,185.751266479,51.8871994019,plotkin,17,9,0.365,72.0575648915,-19.254241052,182.935235939,110.165332124
104255.44+151314.9,bllac,160.731033325,15.2208299637,plotkin,12,22,0.307,84.4825129622,-19.1837,-209.098784212,-143.625143605
091651.94+523828.3,bllac,139.216415405,52.6412086487,plotkin,44,38,0.19,132.824770917,-19.1837,98.4056447771,137.435578068
163843.23+133409.8,bllac,249.680145264,13.5693998337,plotkin,7,5,0.472,57.2087176211,-19.9192036777,56.9220182534,92.0043665992
J114803.2+565411.4,fsrq,177.013333333,56.9031666667,chen,11,7,0.451,59.5611999981,-19.8004955621,104.045729366,103.491510353
BZQJ0811+4831,fsrq,122.90508,48.52558,bzcat,0,2,0.703,40.7159357928,-20.9742268348,-151.004666841,-175.12635625
J133245.3+472222.6,fsrq,203.18875,47.3729444444,chen,0,2,0.669,42.4167532141,-20.8415702973,-132.274845611,-153.404608082
J084203.7+401831.4,fsrq,130.515416667,40.3087222222,chen,83,95,0.152,164.611059835,-19.1837,-189.109694273,-207.009381741
104149.15+390119.5,bllac,160.454803467,39.0220909119,plotkin,30,22,0.208,121.831452857,-19.1837,123.863385336,104.070123977
111706.25+201407.3,bllac,169.276046753,20.2353801727,plotkin,67,51,0.138,180.745246649,-19.1837,334.28130732,211.201164712
BZBJ1717+2931,bllac,259.27871,29.52253,bzcat,43,31,0.276,93.2822205186,-19.1837,198.741333831,132.897302754
BZBJ2240+1326,bllac,340.19542,13.43408,bzcat,6,3,0.66,42.8969369137,-20.8053847511,191.612580981,181.442714009
123739.08+625842.8,bllac,189.412857056,62.9785690308,plotkin,19,21,0.297,87.1191652954,-19.1837,-33.7953376685,-103.462868407
BZQJ1301+4634,fsrq,195.38592,46.56744,bzcat,66,59,0.205,123.529181452,-19.1837,108.049493275,159.451002627
BZQJ2015-1252,fsrq,303.80708,-12.8825,bzcat,1,5,0.614,45.5757065038,-20.6128263211,-213.995783937,-188.768663731
112448.05+120213.9,bllac,171.20022583,12.0372104645,plotkin,15,5,0.451,59.5611999981,-19.8004955621,260.114323415,111.72811016
BZUJ1647+4950,uncertain,251.89546,49.8335,bzcat,562,662,0.047,520.336162929,-19.1837,-1885.69541992,-658.315689526
090523.60+575912.4,bllac,136.348373413,57.9867782593,plotkin,0,1,0.711,40.3398815692,-21.004552673,-77.905329838,-127.774241231
BZQJ2219+0736,fsrq,334.96008,7.61414,bzcat,3,5,0.611,45.7646998885,-20.5998002979,-105.774091496,-170.96509557
BZQJ0449-0057,fsrq,72.42812,-0.95586,bzcat,13,6,0.487,55.6541831997,-20.0010414471,212.480179056,125.668315139
BZBJ1616+3756,bllac,244.13717,37.93431,bzcat,35,33,0.202,125.277502413,-19.1837,30.7767758533,116.961871744
BZQJ1630+0701,fsrq,247.67421,7.01917,bzcat,0,0,0.736,39.2185523759,-21.0972664982,0.0,0.0
J135305.5+044338.3,fsrq,208.272916667,4.72730555556,chen,8,5,0.523,52.2920036325,-20.1882987936,116.461373638,131.360077752
BZQJ0850+4036,fsrq,132.51946,40.60214,bzcat,31,28,0.267,96.2221310836,-19.1837,49.2546360412,116.46519972
J135054.6+052206.6,fsrq,207.7275,5.3685,chen,17,5,0.442,60.6387330508,-19.7480513978,300.338624771,113.181800377
BZUJ0807+3400,uncertain,121.87812,34.01156,bzcat,58,56,0.208,121.831452857,-19.1837,30.965846334,152.205876111
BZBJ1422+5801,bllac,215.66208,58.03208,bzcat,0,1,0.635,44.3036969281,-20.7023646224,-57.9950705415,-95.1189879946
BZBJ1427+5409,bllac,216.87613,54.15658,bzcat,109,111,0.106,233.655995892,-19.1837,-40.3446479204,-277.756126779
091249.60+050317.7,bllac,138.206695557,5.05492019653,plotkin,10,5,0.452,59.4441571628,-19.806262889,130.615310673,95.8043493148
020106.17+003400.2,bllac,30.2757396698,0.56673002243,plotkin,33,43,0.298,86.8474797222,-19.1837,-169.136953008,-153.784466853
BZQJ0024+0349,fsrq,6.18837,3.81764,bzcat,1,5,0.545,50.4591595255,-20.2969180678,-169.240364077,-149.289284062
153447.21+371554.5,bllac,233.696716309,37.2651481628,plotkin,114,78,0.143,174.619720237,-19.1837,756.199691518,272.117112225
BZBJ0742+3018,bllac,115.67875,30.30992,bzcat,5,5,0.495,54.8641434076,-20.043738643,0.0,0.0
BZUJ1516+0015,uncertain,229.16758,0.25053,bzcat,482,438,0.052,470.800505736,-19.1837,834.582291798,531.172333102
BZQJ1036+2203,fsrq,159.13742,22.05339,bzcat,2,1,0.594,46.8724003936,-20.5248312739,51.2941774318,84.128706143
155412.07+241426.6,bllac,238.550323486,24.2407302856,plotkin,21,15,0.301,86.043340762,-19.1837,124.751235405,116.415920726
BZBJ1606+5630,candidate,241.58588,56.50528,bzcat,6,6,0.45,59.6787730772,-19.7947162509,0.0,0.0
211603.23-010828.4,bllac,319.013458252,-1.14122998714,plotkin,17,13,0.305,84.9959195356,-19.1837,83.4821170537,106.35782254
BZUJ0106+2539,uncertain,16.54571,25.65847,bzcat,46,41,0.199,127.078722108,-19.1837,82.7682169513,142.678578645
081058.17+284618.6,bllac,122.742408752,28.7718391418,plotkin,19,11,0.272,94.5646872323,-19.1837,131.983538499,85.0724517889
BZBJ1221+4742,bllac,185.28242,47.70792,bzcat,31,43,0.21,120.726682546,-19.1837,-186.173505484,-142.758313943
BZUJ1052+4241,uncertain,163.01721,42.69811,bzcat,75,70,0.136,183.321764642,-19.1837,104.237139292,231.490950399
BZQJ1454+2955,fsrq,223.63467,29.93292,bzcat,2,6,0.578,47.9755728769,-20.4524098476,-192.643438681,-181.100202195
BZUJ1259-2310,uncertain,194.78525,-23.17742,bzcat,6,7,0.481,56.2642016265,-19.9685901856,-29.5819009203,-105.959379482
BZQJ1153+4931,fsrq,178.35196,49.51911,bzcat,17,13,0.334,78.1573998261,-19.1837,85.7697587726,109.272322082
122121.94+301037.2,bllac,185.341445923,30.1770000458,plotkin,30,31,0.184,136.968717108,-19.1837,-16.299286498,-119.09637806
023813.67-092431.4,bllac,39.5569915771,-9.40872001648,plotkin,11,10,0.419,63.6053673134,-19.6094188397,22.6818967124,95.9634568397
BZUJ1602+2646,uncertain,240.66508,26.76833,bzcat,19,20,0.372,70.8220662666,-19.3029032916,-23.603666055,-139.241625181
BZBJ0310+4056,candidate,47.52629,40.94856,bzcat,57,69,0.137,182.024096825,-19.1837,-250.440027975,-236.679076861
J103025.0+551622.3,fsrq,157.604166667,55.2728611111,chen,10,5,0.434,61.6345265207,-19.7006011019,120.928708696,88.6993736828
BZBJ1558+5625,bllac,239.70121,56.42058,bzcat,16,25,0.3,86.3095856919,-19.1837,-186.949956323,-148.70644569
BZBJ1156+4238,bllac,179.194,42.63539,bzcat,59,51,0.172,146.126445563,-19.1837,128.770668853,156.217384742
BZBJ0958+6533,bllac,149.69688,65.56522,bzcat,0,0,0.367,71.6997108,-19.2682312622,0.0,0.0
114221.76+334201.8,bllac,175.590682983,33.7005004883,plotkin,17,9,0.409,65.0005081381,-19.5469469088,173.850912435,104.694666449
BZBJ1051+0103,bllac,162.96596,1.053,bzcat,19,8,0.265,96.9027157764,-19.1837,180.24974254,81.1413447257
BZQJ1802+4819,fsrq,270.63192,48.32803,bzcat,62,54,0.129,192.9698134,-19.1837,165.516258654,206.128389158
TeV J1015+494,bllac,153.767083333,49.4336111111,tevcat,37,39,0.212,119.642821962,-19.1837,-31.0920132794,-128.110791415
133102.91+565541.8,bllac,202.762145996,56.9282989502,plotkin,22,20,0.27,95.2202558342,-19.1837,32.9320832435,98.5214334826
BZQJ0909+5216,fsrq,137.35283,52.27572,bzcat,5,7,0.41,64.8578993132,-19.5532568545,-43.6492313857,-81.1629259418
BZBJ0103+1526,bllac,15.85838,15.44022,bzcat,26,21,0.246,103.923175051,-19.1837,80.4206959066,102.346197289
085749.80+013530.3,bllac,134.457504272,1.59176003933,plotkin,32,24,0.281,91.730764253,-19.1837,133.13309835,115.967258735
085102.97+054905.9,bllac,132.762390137,5.8183298111,plotkin,0,8,0.486,55.7547914392,-19.9956587588,-241.793176949,-140.208772785
BZBJ1324+1153,bllac,201.15446,11.89153,bzcat,6,1,0.564,48.9931209497,-20.3874839174,227.913316229,117.899714892
BZBJ1357-0146,bllac,209.30396,-1.76683,bzcat,8,6,0.547,50.2999654484,-20.3065888097,85.2857210659,148.578398668
BZQJ1417+3818,fsrq,214.4185,38.30586,bzcat,4,7,0.449,59.7968729201,-19.7889252507,-77.3688516463,-99.3151428597
BZQJ1012+2312,fsrq,153.06829,23.20406,bzcat,1,0,0.748,38.707530565,-21.1407055341,90.1372297033,90.1372297033
BZUJ1213+1444,uncertain,183.31175,14.7335,bzcat,3,1,0.716,40.1092094534,-21.0233416201,158.897348662,152.615919672
BZUJ1345+5332,uncertain,206.439,53.54786,bzcat,67,58,0.135,184.638707399,-19.1837,187.423718574,215.434133424
BZUJ1108+0202,uncertain,167.18954,2.04469,bzcat,85,66,0.157,159.547417689,-19.1837,301.022968622,181.016364175
BZBJ2257+0743,bllac,344.32208,7.72008,bzcat,40,39,0.19,132.824770917,-19.1837,16.4009407962,134.157289685
BZBJ1657+6436,bllac,254.49571,64.61156,bzcat,6,6,0.449,59.7968729201,-19.7889252507,0.0,0.0
141003.91+051557.7,bllac,212.516326904,5.26603984833,plotkin,3,2,0.544,50.53920269,-20.2920702783,42.1447081774,88.2023398319
164419.97+454644.3,candidate,251.083206177,45.7789993286,plotkin,41,29,0.225,113.069086104,-19.1837,189.016301103,123.032125396
BZBJ1508+2709,bllac,227.17758,27.15208,bzcat,34,30,0.27,95.2202558342,-19.1837,65.864166487,121.781935483
BZBJ2350+1941,bllac,357.50717,19.69764,bzcat,8,9,0.515,52.9979391417,-20.1477439207,-37.6255216046,-151.486536663
BZBJ0829+1754,candidate,127.27021,17.90433,bzcat,159,204,0.089,277.260285076,-19.1837,-890.623059048,-390.732966644
BZBJ2005+7752,bllac,301.37888,77.87864,bzcat,12,13,0.342,76.4764825252,-19.1837,-21.6007150496,-103.525807209
084712.93+113350.2,bllac,131.803878784,11.5639600754,plotkin,48,37,0.198,127.691297658,-19.1837,181.903296841,141.80128557
BZUJ0912+5320,uncertain,138.007,53.34325,bzcat,107,121,0.102,242.607116811,-19.1837,-281.156756539,-296.849465481
132231.46+134429.8,bllac,200.631118774,13.7416400909,plotkin,11,11,0.377,69.967916824,-19.3371506766,0.0,0.0
BZBJ0930+3933,bllac,142.73683,39.55997,bzcat,10,6,0.638,44.1289463163,-20.7149274011,234.676193376,220.614345144
BZBJ1532+3016,bllac,233.00933,30.27472,bzcat,461,385,0.065,377.681494183,-19.1837,1463.49329562,519.086559366
BZBJ1136+2550,bllac,174.20875,25.84786,bzcat,71,59,0.156,160.534126383,-19.1837,189.917674115,167.274662684
BZBJ1248+0830,bllac,192.10792,8.50583,bzcat,7,9,0.43,62.1464819973,-19.6765731406,-47.5504839722,-98.6314416556
BZBJ0124+0918,bllac,21.18533,9.31389,bzcat,16,12,0.338,77.3069148862,-19.1837,86.0862006561,106.046878828
135314.08+374113.9,bllac,208.308700562,37.687210083,plotkin,44,46,0.216,117.535530116,-19.1837,-31.2182765019,-139.385322053
134136.23+551437.9,bllac,205.4009552,55.2438812256,plotkin,26,19,0.207,122.391875871,-19.1837,108.270118175,96.7285057209
BZBJ1325+6621,bllac,201.37542,66.35417,bzcat,34,34,0.21,120.726682546,-19.1837,0.0,0.0
BZQJ2145+1115,fsrq,326.32825,11.25758,bzcat,8,2,0.548,50.2208112666,-20.3114118184,256.861519787,131.11404519
TeV J1221+301,bllac,185.359583333,30.1913888889,tevcat,28,28,0.182,138.410927652,-19.1837,0.0,0.0
J151830.9+483214.5,fsrq,229.62875,48.5373611111,chen,5,4,0.576,48.1178586556,-20.4432252587,47.7834562229,133.1093063
BZQJ0752+3730,fsrq,118.17046,37.50675,bzcat,10,12,0.44,60.8842458434,-19.7362634899,-49.6297421618,-117.130397337
144434.90+633606.0,bllac,221.145446777,63.6016693115,plotkin,18,25,0.298,86.8474797222,-19.1837,-118.395867106,-118.697513116
BZQJ1101+6241,fsrq,165.47271,62.69739,bzcat,1,2,0.663,42.735399344,-20.8174980844,-64.6170890942,-135.23354883
BZQJ0529-0519,fsrq,82.47304,-5.32822,bzcat,1,2,0.685,41.5948878567,-20.904775428,-70.3802494259,-147.294949847
125234.66+293732.6,bllac,193.144424438,29.6257305145,plotkin,5,4,0.529,51.7767796746,-20.2183379152,39.7419387476,110.708230753
091147.76+334916.7,bllac,137.949005127,33.8213310242,plotkin,10,9,0.456,58.9811768338,-19.8292153946,26.5744703055,106.993187033
BZBJ1252+0849,bllac,193.14408,8.82889,bzcat,10,6,0.37,71.170252299,-19.2890860039,93.5633108155,87.9569770076
BZBJ0905+4705,candidate,136.40188,47.09622,bzcat,52,27,0.174,144.512217896,-19.1837,403.253146755,135.560249507
J170112.4+353353.3,fsrq,255.301666667,35.5648055556,chen,6,5,0.501,54.2884077204,-20.0753436102,35.6232938552,109.509041477
102013.76+625010.1,bllac,155.057373047,62.836139679,plotkin,21,13,0.25,102.356060152,-19.1837,129.181383245,88.400213732
BZQJ1215+4627,fsrq,183.79146,46.45419,bzcat,1,1,0.72,39.9270291266,-21.0382829752,0.0,0.0
BZBJ0819+4037,bllac,124.85787,40.62883,bzcat,11,17,0.389,68.0083883737,-19.4176744976,-152.948476553,-150.226412731
BZQJ0924+0309,fsrq,141.06125,3.15022,bzcat,52,63,0.128,194.43435768,-19.1837,-227.336939572,-223.996281303
BZBJ2217+2421,candidate,334.25342,24.36278,bzcat,4,3,0.505,53.9122920034,-20.0962192022,36.1841218614,89.1481598044
BZBJ1750+4700,bllac,267.52088,47.01206,bzcat,61,67,0.16,156.661461554,-19.1837,-95.3631471152,-173.548992391
BZBJ0919+1106,bllac,139.85692,11.11653,bzcat,9,7,0.425,62.8001412569,-19.6462469244,46.5438034448,86.5451956912
BZBJ0758+2705,bllac,119.69579,27.08764,bzcat,138,150,0.099,249.795585724,-19.1837,-240.184809,-326.134357186
145111.70+580003.0,bllac,222.79876709,58.0008392334,plotkin,5,11,0.405,65.5780712347,-19.5215641148,-128.1735752,-105.931839155
140923.50+593940.7,bllac,212.347915649,59.6613082886,plotkin,15,3,0.496,54.7672071375,-20.0490306706,378.626535704,130.360663532
BZBJ0232+2017,bllac,38.20192,20.28783,bzcat,73,82,0.139,179.484827011,-19.1837,-188.23649083,-254.082679964
120303.50+603119.1,bllac,180.764602661,60.5219917297,plotkin,256,290,0.065,377.681494183,-19.1837,-654.720684882,-440.843279798
J081916.5+264203.2,fsrq,124.81875,26.7008888889,chen,7,4,0.526,52.0328969723,-20.203358357,117.835347127,122.709797562
100811.42+470521.4,bllac,152.047622681,47.0892791748,plotkin,24,14,0.343,76.2719283916,-19.1837,216.205144636,125.436255099
BZBJ1610+4516,bllac,242.514,45.27828,bzcat,4,5,0.596,46.7387400257,-20.5337551411,-51.7005645357,-158.931941811
BZQJ1401-0916,fsrq,210.27221,-9.27544,bzcat,2,3,0.667,42.5223194781,-20.8335689507,-65.6264701049,-161.686362508
BZBJ0006+1051,candidate,1.5845,10.86433,bzcat,88,58,0.168,149.470514813,-19.1837,480.863651259,181.359206298
BZBJ2350-0559,candidate,357.57458,-5.99111,bzcat,9,1,0.515,52.9979391417,-20.1477439207,301.004172837,117.123601373
BZUJ1407+2827,uncertain,211.75162,28.45408,bzcat,182,229,0.077,319.641795311,-19.1837,-917.614571358,-406.735717384
113118.63+580858.8,bllac,172.827651978,58.1496810913,plotkin,14,9,0.36,72.9697525046,-19.2189558861,111.772074889,100.495465333
BZQJ0309-0559,fsrq,47.34704,-5.989,bzcat,0,0,0.745,38.8337076431,-21.1299085663,0.0,0.0
BZQJ1043+2408,fsrq,160.78767,24.14317,bzcat,2,2,0.559,49.3690974545,-20.3639303463,0.0,0.0
BZUJ1132+0515,uncertain,173.23321,5.261,bzcat,121,141,0.101,244.955770457,-19.1837,-401.204253134,-322.395765374
091151.34+294929.4,bllac,137.963912964,29.8248405457,plotkin,13,2,0.446,60.1543933351,-19.7714804109,280.065278649,96.5486105108
BZUJ0407-1211,uncertain,61.95179,-12.19353,bzcat,0,0,0.573,48.3331759746,-20.4293926519,0.0,0.0
094022.44+614826.1,bllac,145.093536377,61.80727005,plotkin,37,19,0.211,120.182174685,-19.1837,279.544161907,109.936048554
BZQJ1430+3649,fsrq,217.66908,36.81775,bzcat,3,3,0.566,48.8446234934,-20.3968506235,0.0,0.0
BZUJ1511+0518,uncertain,227.92196,5.30258,bzcat,220,250,0.084,293.446772486,-19.1837,-590.397350505,-418.632013887
J131827.1+620036.2,fsrq,199.612916667,62.0100555556,chen,13,13,0.307,84.4825129622,-19.1837,0.0,0.0
BZUJ0831+4608,uncertain,127.91583,46.13356,bzcat,85,88,0.131,190.107855851,-19.1837,-62.2038672793,-255.398033138
J131211.1+480925.2,fsrq,198.04625,48.157,chen,0,1,0.715,40.1550822315,-21.0195936782,-79.1373898731,-129.794969934
075437.07+391047.7,bllac,118.654457092,39.17993927,plotkin,194,191,0.096,257.43373439,-19.1837,59.8446546789,360.058431641
J164258.8+394837.2,fsrq,250.745,39.8103333333,chen,1,4,0.593,46.9395728302,-20.5203588943,-153.27673402,-159.61727496
125639.35+060908.0,bllac,194.163970947,6.1522397995,plotkin,26,14,0.423,63.0659829029,-19.6340243563,276.882662895,137.786029805
BZQJ1531+4356,fsrq,232.76033,43.94378,bzcat,7,8,0.452,59.4441571628,-19.806262889,-26.1230621346,-99.5422359061
BZUJ1718+4228,uncertain,259.56333,42.472,bzcat,56,42,0.18,139.885264717,-19.1837,227.242159294,149.63019264
082320.56+112551.6,bllac,125.835670471,11.4309997559,plotkin,8,6,0.44,60.8842458434,-19.7362634899,49.6297421618,86.461221463
BZBJ1431+5118,bllac,217.79333,51.30903,bzcat,17,10,0.458,58.7527576899,-19.8406220339,187.621966327,131.034179505
BZBJ1606+1345,candidate,241.57662,13.7585,bzcat,25,19,0.294,87.9453671337,-19.1837,101.09764468,104.01818265
BZBJ1427+3908,bllac,216.94133,39.14231,bzcat,53,39,0.165,152.08521241,-19.1837,223.694304353,142.832637563
105723.09+230318.7,bllac,164.346252441,23.0552196503,plotkin,16,21,0.378,69.799826186,-19.3439500557,-121.268195141,-154.330156993
123623.01+390000.9,bllac,189.095901489,39.0002784729,plotkin,14,9,0.39,67.8505927058,-19.4242814376,128.03495792,115.117597019
131330.12+020105.9,bllac,198.375518799,2.01832008362,plotkin,21,13,0.356,73.7181201063,-19.1904028867,175.619662525,120.178429064
085036.20+345522.6,bllac,132.650848389,34.922958374,plotkin,82,78,0.145,172.288012203,-19.1837,84.2030584915,245.329480006
BZUJ1518+4045,uncertain,229.66217,40.75003,bzcat,148,140,0.065,377.681494183,-19.1837,154.051925855,301.165605067
BZBJ0912+4235,candidate,138.11346,42.59586,bzcat,74,42,0.266,96.5611321812,-19.1837,524.87279719,166.448747078
101118.50+013755.8,bllac,152.82711792,1.63218998909,plotkin,11,5,0.467,57.7493933219,-19.8913891372,167.143259017,105.894045257
BZQJ1025+1253,fsrq,156.48454,12.89694,bzcat,7,4,0.663,42.735399344,-20.8174980844,193.851267283,201.870239662
BZBJ0301+3441,bllac,45.26571,34.68358,bzcat,15,17,0.246,103.923175051,-19.1837,-32.1682783626,-89.1618565046
110222.94+380122.5,bllac,165.595596313,38.0229187012,plotkin,15,12,0.392,67.5374362551,-19.4374489947,77.5191538815,124.674965591
105606.61+025213.4,bllac,164.027557373,2.87040996552,plotkin,23,19,0.236,108.07449361,-19.1837,63.7020397208,95.6989320768
BZQJ1014+2301,fsrq,153.69612,23.02128,bzcat,2,0,0.566,48.8446234934,-20.3968506235,91.8840543246,64.9718378958
BZBJ1516+2918,bllac,229.17329,29.30264,bzcat,120,98,0.13,191.527811045,-19.1837,455.665651863,283.702509665
BZBJ1435-0055,bllac,218.86204,-0.93306,bzcat,24,24,0.285,90.5290179653,-19.1837,0.0,0.0
BZBJ1415+4830,bllac,213.90333,48.50847,bzcat,3,6,0.496,54.7672071375,-20.0490306706,-94.656633926,-114.374045943
073701.86+284646.0,bllac,114.257781982,28.779460907,plotkin,24,10,0.272,94.5646872323,-19.1837,230.971192372,91.7083796973
BZUJ0126-0501,uncertain,21.56329,-5.02253,bzcat,15,9,0.411,64.7159877686,-19.5595528556,131.509590103,100.943069798
BZBJ0028+2408,candidate,7.14254,24.13558,bzcat,16,17,0.373,70.6493891002,-19.3097863129,-23.7107937517,-129.283632917
121518.03+545913.2,bllac,183.825164795,54.9870185852,plotkin,19,18,0.338,77.3069148862,-19.1837,21.521550164,120.635919843
BZBJ0749+2313,candidate,117.30833,23.22131,bzcat,36,48,0.175,143.718968724,-19.1837,-193.764325142,-155.816719871
BZQJ2346+0930,fsrq,356.6535,9.51264,bzcat,4,0,0.677,42.0008637963,-20.8733498714,272.895158529,136.447579265
BZBJ0942+2844,bllac,145.59708,28.73733,bzcat,9,7,0.366,71.8781471697,-19.2612448109,45.9415274127,85.4253023175
BZBJ0123+4210,candidate,20.91867,42.16839,bzcat,55,43,0.186,135.557607336,-19.1837,195.997898567,150.291683358
BZBJ1502+2528,bllac,225.53692,25.47572,bzcat,33,32,0.178,141.392833728,-19.1837,16.1977506135,120.213066018
BZQJ0010+2047,fsrq,2.61975,20.79714,bzcat,4,7,0.6,46.4741449804,-20.5515185908,-152.11541244,-195.264161174
BZBJ0809+3455,bllac,122.41204,34.92703,bzcat,246,220,0.083,296.918252944,-19.1837,511.097170498,392.069011815
TeV J1221+282,bllac,185.382083333,28.2330555556,tevcat,133,116,0.102,242.607116811,-19.1837,341.404632941,293.123788863
111224.60+175121.8,bllac,168.102523804,17.8560600281,plotkin,6,5,0.421,63.3343793693,-19.6217484873,22.8768923948,70.3255170143
BZUJ0834+5534,uncertain,128.72875,55.57253,bzcat,43,37,0.24,106.372268805,-19.1837,95.9335572125,132.360885491
BZUJ0936+0509,uncertain,144.188,5.1575,bzcat,69,73,0.131,190.107855851,-19.1837,-82.9384897057,-234.007461676
BZQJ0059+0006,fsrq,14.77296,0.11433,bzcat,2,0,0.719,39.9723819481,-21.0345549052,160.780738534,113.689150501
BZBJ0013-1854,candidate,3.48354,-18.90189,bzcat,8,38,0.094,262.796931106,-19.1837,-597.10359752,-193.19682415
BZQJ0112+2020,fsrq,18.04246,20.33939,bzcat,3,1,0.746,38.7915340703,-21.1335121004,178.851520767,171.781276129
J150324.7+475830.4,fsrq,225.852916667,47.9751111111,chen,12,23,0.345,75.8664007493,-19.1837,-238.261364585,-152.960968137
BZBJ0216+2314,candidate,34.13375,23.24639,bzcat,25,14,0.288,89.6497502701,-19.1837,184.289172135,98.6328115898
BZBJ1119+0900,bllac,169.78725,9.00636,bzcat,53,27,0.33,79.0286607153,-19.1837,555.447993136,180.807953081
BZQJ0019+2602,fsrq,4.91575,26.04786,bzcat,11,13,0.284,90.8262574806,-19.1837,-33.3791756028,-81.7108310648
115404.55-001009.8,bllac,178.518997192,-0.169410005212,plotkin,45,37,0.254,100.838532039,-19.1837,129.69002916,136.145578873
BZQJ0121+0422,fsrq,20.48692,4.37353,bzcat,0,1,0.637,44.1870088736,-20.7107460964,-58.4434830701,-95.854439224
J085040.0+543753.2,fsrq,132.666666667,54.6314444444,chen,11,5,0.367,71.6997108,-19.2682312622,138.450514339,87.7156824479
BZQJ1439+5827,fsrq,219.9285,58.46647,bzcat,12,6,0.425,62.8001412569,-19.6462469244,139.631410334,93.4939781687
BZBJ1401+1350,bllac,210.40179,13.83514,bzcat,66,36,0.212,119.642821962,-19.1837,466.380199191,148.169021089
105837.73+562811.1,bllac,164.657226562,56.4697685242,plotkin,72,72,0.143,174.619720237,-19.1837,0.0,0.0
005620.07-093629.7,bllac,14.0836601257,-9.60826015472,plotkin,130,134,0.103,240.304092247,-19.1837,-80.4201724912,-305.212831369
BZUJ1531+0852,uncertain,232.90446,8.87842,bzcat,73,62,0.159,157.611325703,-19.1837,174.647071715,170.838360811
BZQJ1357+1919,fsrq,209.2685,19.31872,bzcat,2,3,0.72,39.9270291266,-21.0382829752,-80.706940289,-198.840674862
J120822.5+524013.5,fsrq,182.09375,52.6704166667,chen,10,6,0.432,61.8893033018,-19.6886128254,95.9184537195,90.1709992396
BZBJ1215+0732,bllac,183.79575,7.53464,bzcat,90,82,0.136,183.321764642,-19.1837,166.779422867,252.400283474
123131.39+641418.2,bllac,187.880813599,64.2384109497,plotkin,41,27,0.163,153.881947269,-19.1837,223.222046489,123.123642269
120106.18-000701.6,bllac,180.275787354,-0.11711999774,plotkin,53,85,0.165,152.08521241,-19.1837,-511.301267093,-211.763432424
140350.28+243304.8,bllac,210.959503174,24.5513305664,plotkin,15,21,0.343,76.2719283916,-19.1837,-129.723086782,-139.263639651
BZBJ1733+4519,candidate,263.37012,45.33083,bzcat,28,14,0.317,82.013322898,-19.1837,295.495634968,129.527860507
BZQJ0058+0620,fsrq,14.64088,6.33503,bzcat,7,2,0.592,47.0069763165,-20.5158794326,254.45571616,147.320850155
123831.24+540651.8,bllac,189.630172729,54.1144104004,plotkin,26,36,0.224,113.547559721,-19.1837,-157.355444641,-132.44057291
BZUJ1618+2159,uncertain,244.69971,21.99042,bzcat,21,16,0.336,77.7296059771,-19.1837,107.409940595,121.596402356
BZUJ0113+0222,uncertain,18.42975,2.37147,bzcat,559,742,0.047,520.336162929,-19.1837,-3450.82261845,-714.820350399
095929.88+212321.0,bllac,149.874526978,21.3891792297,plotkin,10,12,0.365,72.0575648915,-19.254241052,-45.7338089848,-107.935664881
BZQJ1823+7938,fsrq,275.80879,79.64694,bzcat,28,20,0.224,113.547559721,-19.1837,125.884355713,101.734888954
130531.25+385521.9,bllac,196.380233765,38.9227714539,plotkin,34,17,0.376,70.1369151875,-19.3303345342,408.595853214,162.534527861
BZBJ0832+3300,bllac,128.21438,33.00303,bzcat,2,2,0.672,42.2596111305,-20.8535295594,0.0,0.0
BZQJ1801+4404,fsrq,270.38463,44.07275,bzcat,3,3,0.663,42.735399344,-20.8174980844,0.0,0.0
BZUJ0014+0854,uncertain,3.58217,8.90056,bzcat,89,72,0.162,154.79698865,-19.1837,270.768699197,187.567009261
BZQJ0953+1720,fsrq,148.49679,17.34908,bzcat,1,1,0.711,40.3398815692,-21.004552673,0.0,0.0
BZQJ1105-1813,fsrq,166.33,-18.22028,bzcat,4,1,0.578,47.9755728769,-20.4524098476,144.482579011,104.299121835
BZBJ0924+5300,bllac,141.02425,53.00942,bzcat,6,3,0.64,44.0133762573,-20.7232714864,177.368792837,167.954917094
BZBJ2145+0719,bllac,326.46792,7.32422,bzcat,33,20,0.237,107.643525172,-19.1837,207.237675296,109.055679013
J151526.7+593453.3,fsrq,228.86125,59.5814722222,chen,6,3,0.622,45.0808102691,-20.6472713422,165.50129529,156.71728879
BZUJ0820+4853,uncertain,125.11717,48.8965,bzcat,105,77,0.133,187.332097616,-19.1837,581.83246419,261.304599219
095549.67+101429.5,bllac,148.957000732,10.2415504456,plotkin,8,8,0.373,70.6493891002,-19.3097863129,0.0,0.0
105950.85+434315.3,bllac,164.961898804,43.7209205627,plotkin,11,11,0.459,58.6393058228,-19.846308032,0.0,0.0
BZBJ0422+1950,bllac,65.57637,19.84883,bzcat,0,0,0.516,52.9084831337,-20.1528451019,0.0,0.0
115210.70+283721.3,bllac,178.044616699,28.6226005554,plotkin,14,11,0.441,60.7612058744,-19.7421636919,74.763949488,115.796998334
123528.85+170036.6,bllac,188.870254517,17.0101795197,plotkin,23,17,0.381,69.3008893139,-19.3642500606,147.511198844,144.885903667
BZBJ0909+2311,bllac,137.25258,23.18692,bzcat,29,34,0.223,114.03034889,-19.1837,-78.5986661932,-124.235628617
083743.98+175920.4,bllac,129.433258057,17.9890193939,plotkin,27,15,0.313,82.9819353406,-19.1837,252.336100213,128.511929408
BZBJ0123-2310,candidate,20.90979,-23.18317,bzcat,0,0,0.404,65.7242661349,-19.5151825205,0.0,0.0
BZQJ1606+2032,fsrq,241.52388,20.53592,bzcat,13,8,0.383,68.9726555789,-19.3777018294,124.043582082,106.76398755
163124.70+421702.3,bllac,247.852935791,42.2840003967,plotkin,9,4,0.467,57.7493933219,-19.8913891372,139.286049181,95.5303296586
134105.10+395945.4,bllac,205.271270752,39.9959487915,plotkin,93,91,0.172,146.126445563,-19.1837,32.1926672132,200.90777924
082051.20+235345.2,bllac,125.213340759,23.8959007263,plotkin,16,8,0.402,66.0188656637,-19.5023754812,168.715925866,97.8334178554
J093712.3+500852.0,fsrq,144.30125,50.1477777778,chen,14,22,0.276,93.2822205186,-19.1837,-132.494222554,-111.321760906
084452.27+280409.9,bllac,131.217819214,28.0694293976,plotkin,7,4,0.453,59.3276340981,-19.8120186244,78.7055432055,81.961325775
BZQJ0914+0245,fsrq,138.65796,2.76644,bzcat,10,12,0.427,62.536822366,-19.6584164821,-46.943890981,-110.79156094
BZQJ1437+3519,fsrq,219.48525,35.32681,bzcat,2,5,0.536,51.1904854816,-20.2529855432,-122.535828309,-138.211627008
BZBJ1111+3452,candidate,167.87871,34.86761,bzcat,47,54,0.212,119.642821962,-19.1837,-108.822046478,-154.101628684
BZQJ2157+0649,fsrq,329.43,6.82261,bzcat,2,2,0.625,44.8985501896,-20.6600809266,0.0,0.0
J162901.3+400759.6,fsrq,247.255416667,40.1332222222,chen,26,24,0.272,94.5646872323,-19.1837,32.9958846246,107.629318492
BZBJ1719+5524,bllac,259.75975,55.40961,bzcat,2,0,0.626,44.8381936869,-20.6643378334,112.043018262,79.2263779974
215305.34-004230.6,bllac,328.272277832,-0.708519995213,plotkin,24,15,0.341,76.6822523924,-19.1837,194.228265949,126.483330904
BZBJ1517+6525,bllac,229.44833,65.42331,bzcat,2,4,0.702,40.7635578361,-20.9704130836,-150.415164133,-222.594115615
135444.21+062248.1,bllac,208.68421936,6.38004016876,plotkin,22,12,0.276,93.2822205186,-19.1837,165.617778193,91.1349352978
BZBJ0745+3312,bllac,116.27012,33.21572,bzcat,73,58,0.22,115.505154815,-19.1837,235.084761136,166.613761906
BZQJ1103+3014,fsrq,165.80542,30.24519,bzcat,11,16,0.384,68.8098285463,-19.3844037648,-124.606150023,-141.063848191
TeV J1217+301,bllac,184.452083333,30.1016666667,tevcat,121,75,0.13,191.527811045,-19.1837,952.755453895,272.227904306
BZBJ1535+3922,candidate,233.87104,39.37964,bzcat,35,19,0.257,99.7315430444,-19.1837,260.143513465,112.774444688
120208.65+444422.4,bllac,180.536087036,44.7395782471,plotkin,26,23,0.297,87.1191652954,-19.1837,50.6930065027,109.339799926
BZQJ0749+4510,fsrq,117.27667,45.17583,bzcat,53,39,0.192,131.501171844,-19.1837,230.087926334,146.915074502
133046.71-000543.5,bllac,202.694625854,-0.0954400002956,plotkin,37,24,0.242,105.542348569,-19.1837,208.268477484,117.24665844
BZBJ0442-0018,bllac,70.62587,-0.30828,bzcat,12,2,0.449,59.7968729201,-19.7889252507,257.896172154,94.3350215183
BZUJ0136-0956,uncertain,24.02592,-9.94789,bzcat,111,95,0.113,219.517844036,-19.1837,325.27161233,270.122052322
162839.03+252755.9,bllac,247.162628174,25.4655303955,plotkin,38,46,0.22,115.505154815,-19.1837,-125.378539273,-145.119227661
BZUJ1545+5259,uncertain,236.27046,52.99042,bzcat,9,13,0.291,88.7887138639,-19.1837,-67.2062867199,-85.6221017
TeV J0152+017,bllac,28.1395833333,1.77786111111,tevcat,232,246,0.08,307.853713977,-19.1837,-274.268785008,-406.117062956
BZQJ1524+1521,fsrq,231.17338,15.35586,bzcat,2,3,0.628,44.7180648778,-20.6728327098,-56.4539108386,-139.087588869
TeV J0319+187,bllac,49.9458333333,18.7616666667,tevcat,48,37,0.19,132.824770917,-19.1837,180.410348758,140.637469624
BZQJ2308+2008,fsrq,347.0485,20.14506,bzcat,16,13,0.25,102.356060152,-19.1837,48.443018717,80.689906968
223301.11+133602.0,bllac,338.254638672,13.6005601883,plotkin,38,41,0.214,118.579292786,-19.1837,-46.7326993949,-132.445962978
BZUJ1121+4314,uncertain,170.48625,43.24914,bzcat,40,45,0.185,136.259337678,-19.1837,-81.5811035621,-146.891302255
BZUJ0948+5535,uncertain,147.13337,55.59314,bzcat,67,60,0.118,210.44721795,-19.1837,143.093065365,212.83114839
BZBJ1510+3335,bllac,227.67158,33.58458,bzcat,142,130,0.114,217.639988469,-19.1837,244.223336083,309.791095365
BZBJ1007+5023,candidate,151.79354,50.39903,bzcat,98,78,0.133,187.332097616,-19.1837,415.594617279,256.03799161
102523.04+040228.9,bllac,156.34602356,4.04138994217,plotkin,51,46,0.208,121.831452857,-19.1837,77.414615835,140.835038525
115342.91+382305.8,bllac,178.42880249,38.3849601746,plotkin,18,17,0.41,64.8578993132,-19.5532568545,21.8246156928,118.999204891
TeV J1743+196,bllac,265.990833333,19.5858333333,tevcat,63,81,0.083,296.918252944,-19.1837,-353.836502653,-244.64808383
101706.67+520247.2,bllac,154.277816772,52.0464706421,plotkin,12,8,0.379,69.6326260987,-19.3507331597,97.4546708421,101.978758041
BZQJ0312+0133,fsrq,48.18167,1.55489,bzcat,0,2,0.664,42.6818845167,-20.8215243323,-129.735757782,-150.459922935
082814.20+415351.9,bllac,127.059173584,41.8977584839,plotkin,39,26,0.226,112.594856573,-19.1837,204.973282689,118.976896329
BZQJ1229+0203,fsrq,187.27792,2.05239,bzcat,62,54,0.158,158.573224772,-19.1837,126.88127025,158.013672275
161608.48+224107.4,candidate,244.035369873,22.6854095459,plotkin,18,8,0.33,79.0286607153,-19.1837,213.633843514,103.606907931
102703.39+060933.9,bllac,156.764129639,6.15942001343,plotkin,8,3,0.449,59.7968729201,-19.7889252507,128.948086077,81.8388713639
135426.69+370654.5,bllac,208.611221313,37.1151618958,plotkin,12,10,0.384,68.8098285463,-19.3844037648,49.8424600093,108.342879893
BZUJ1150+5528,uncertain,177.50033,55.47261,bzcat,85,91,0.139,179.484827011,-19.1837,-125.490993886,-264.384570993
TeV J0809+523,bllac,122.495833333,52.3166666667,tevcat,56,63,0.138,180.745246649,-19.1837,-146.248071953,-222.552581746
144334.40+251558.2,bllac,220.893371582,25.2661895752,plotkin,3,2,0.529,51.7767796746,-20.2183379152,39.7419387476,83.173715956
113630.09+673704.3,bllac,174.125396729,67.6178894043,plotkin,57,54,0.134,185.975337026,-19.1837,62.4068758603,201.964437809
BZBJ1108-0149,candidate,167.24342,-1.82553,bzcat,139,128,0.106,233.655995892,-19.1837,221.895563562,304.14085174
BZBJ1624+3726,bllac,246.18062,37.44506,bzcat,43,37,0.199,127.078722108,-19.1837,99.3218603416,137.035775232
BZBJ1404+2701,candidate,211.15375,27.02778,bzcat,69,58,0.136,183.321764642,-19.1837,229.321706443,217.673504063
J021225.6+010056.1,fsrq,33.1066666667,1.01558333333,chen,3,4,0.513,53.1779132749,-20.137513887,-37.3326687028,-103.996781023
BZBJ1515+2426,bllac,228.98412,24.43897,bzcat,26,16,0.228,111.658927432,-19.1837,157.988188249,96.1523953357
141946.59+542314.7,bllac,214.944152832,54.3874397278,plotkin,60,59,0.153,163.571801431,-19.1837,15.7759690693,158.318747025
BZQJ0106-1034,fsrq,16.68371,-10.56939,bzcat,3,2,0.469,57.5317205932,-19.9025478708,28.0971411266,58.8029600188
BZBJ1721+6004,bllac,260.31913,60.06844,bzcat,6,7,0.531,51.6076626021,-20.2282807188,-40.0540380326,-143.46951628
083548.14+151717.0,candidate,128.950592041,15.2880802155,plotkin,32,36,0.168,149.470514813,-19.1837,-64.1151535012,-129.069075156
104857.61+500945.3,bllac,162.240066528,50.1626014709,plotkin,16,13,0.403,65.8711987032,-19.5087862049,63.5400945921,105.836598485
BZBJ1439+3932,bllac,219.82292,39.54525,bzcat,26,27,0.344,76.0685672385,-19.1837,-21.6403178589,-147.773426361
J093200.1+553347.0,fsrq,143.000416667,55.5630555556,chen,26,33,0.266,96.5611321812,-19.1837,-114.815924385,-129.951157138
J122106.9+454852.2,fsrq,185.27875,45.8145,chen,5,6,0.525,52.1189351596,-20.1983472017,-39.1251709416,-130.58666882
BZQJ2255-0844,fsrq,343.76767,-8.73444,bzcat,4,2,0.606,46.0839231613,-20.5779561815,103.76678177,120.342627625
BZQJ1150+0156,fsrq,177.60329,1.93897,bzcat,1,1,0.706,40.5738967991,-20.985637183,0.0,0.0
BZQJ1505+0326,fsrq,226.277,3.44189,bzcat,12,11,0.409,65.0005081381,-19.5469469088,21.7313640543,96.1843036983
BZQJ1312+3515,fsrq,198.07404,35.25589,bzcat,55,47,0.184,136.968717108,-19.1837,130.394291984,152.404865763
114535.10-034001.4,bllac,176.396255493,-3.66707992554,plotkin,42,45,0.168,149.470514813,-19.1837,-48.0863651259,-142.512064712
BZBJ1409+1352,candidate,212.32946,13.87814,bzcat,7,3,0.58,47.8342897614,-20.4615644495,194.165418031,146.189282418
BZBJ0733+4111,bllac,113.445,41.18889,bzcat,1,4,0.67,42.3642128984,-20.8455623556,-199.183415959,-207.422961325
BZQJ2334+0736,fsrq,353.55346,7.60767,bzcat,27,22,0.401,66.1672813548,-19.4959498985,104.996634986,136.382505308
BZQJ0856+1739,fsrq,134.23621,17.66328,bzcat,6,3,0.516,52.9084831337,-20.1528451019,113.318460947,107.304066343
BZBJ1642+2211,bllac,250.58467,22.19539,bzcat,3,2,0.592,47.0069763165,-20.5158794326,50.891143232,106.507272298
BZUJ0840+1312,uncertain,130.19829,13.20656,bzcat,1,1,0.681,41.7966582387,-20.8891064469,0.0,0.0
BZUJ1512+0203,uncertain,228.06563,2.05472,bzcat,34,35,0.219,116.00577086,-19.1837,-15.6565180878,-121.426366584
TeV J1136+701,bllac,174.11,70.1575,tevcat,113,633,0.045,543.23328303,-19.1837,-9782.58230265,-750.096804643
BZQJ1538+4105,fsrq,234.57775,41.09678,bzcat,1,4,0.481,56.2642016265,-19.9685901856,-88.7457027609,-92.4168128301
BZQJ1206+2822,fsrq,181.58187,28.38183,bzcat,1,2,0.708,40.479884739,-20.9932186886,-76.9947493225,-161.138072577
BZBJ2129+0035,candidate,322.41954,0.59108,bzcat,18,11,0.425,62.8001412569,-19.6462469244,162.903312057,117.724544069
142422.91+343356.7,bllac,216.095458984,34.5657691956,plotkin,5,6,0.576,48.1178586556,-20.4432252587,-47.7834562229,-159.485114638
090314.70+405559.8,bllac,135.811279297,40.9333000183,plotkin,40,43,0.188,134.176615776,-19.1837,-49.1011284521,-142.374458575
BZUJ2303-1841,uncertain,345.76242,-18.69047,bzcat,0,6,0.129,192.9698134,-19.1837,-124.13719399,-83.1194075679
002142.25-090044.4,bllac,5.4260802269,-9.01233959198,plotkin,1,2,0.648,43.5583637049,-20.7564039425,-60.9758012565,-127.612897954
100444.76+375212.0,bllac,151.186523438,37.8699989319,plotkin,13,12,0.44,60.8842458434,-19.7362634899,24.8148710809,114.471621608
103220.28+030949.2,bllac,158.084533691,3.16367006302,plotkin,9,14,0.323,80.6057076654,-19.1837,-106.12584192,-113.629013778
BZQJ1453+3505,fsrq,223.32729,35.09428,bzcat,0,1,0.721,39.8818076301,-21.0420058873,-81.0248297149,-132.890601442
BZUJ1324+5739,uncertain,201.00388,57.6545,bzcat,128,110,0.115,215.794828046,-19.1837,366.739527888,290.933565452
085410.16+275421.7,bllac,133.542373657,27.9060401917,plotkin,5,3,0.494,54.961480669,-20.0384365365,62.5636948185,83.1767793303
BZQJ2106+2135,fsrq,316.54508,21.59333,bzcat,2,1,0.647,43.6146118141,-20.7522836456,60.7408862951,99.6224606737
102339.73+300057.7,bllac,155.91557312,30.0160503387,plotkin,9,5,0.433,61.7616172345,-19.6946133394,96.3298260417,84.9738822176
BZBJ1604+3345,bllac,241.19383,33.75606,bzcat,48,55,0.177,142.159428109,-19.1837,-113.265876283,-161.767937533
BZBJ0212+2244,candidate,33.22017,22.74786,bzcat,8,11,0.459,58.6393058228,-19.846308032,-80.7546592961,-125.075617487
085729.78+062725.0,bllac,134.37411499,6.45695018768,plotkin,15,14,0.338,77.3069148862,-19.1837,21.521550164,106.873513161
BZQJ1256-2155,fsrq,194.10629,-21.92258,bzcat,56,80,0.129,192.9698134,-19.1837,-496.548775962,-261.049103233
BZUJ1239+0730,uncertain,189.85246,7.50478,bzcat,10,5,0.4,66.3164425225,-19.4895097708,104.547719268,76.6841663903
BZBJ0901+3752,bllac,135.41262,37.87953,bzcat,3,7,0.477,56.6795271701,-19.9467470681,-116.312920275,-115.693357779
093239.36+104235.1,bllac,143.164031982,10.7097797394,plotkin,13,5,0.361,72.7852774967,-19.2260486053,179.648088893,91.0784362871
205523.37-050619.2,bllac,313.847381592,-5.10535001755,plotkin,8,12,0.342,76.4764825252,-19.1837,-86.4028601985,-106.436961743
BZUJ1147+3501,uncertain,176.84221,35.01875,bzcat,349,342,0.063,389.505345452,-19.1837,134.484144455,464.668843449
BZQJ2142-0437,fsrq,325.65375,-4.62875,bzcat,20,5,0.344,76.0685672385,-19.1837,324.604767883,104.793672149
BZUJ0313+4120,uncertain,48.25817,41.33364,bzcat,118,98,0.136,183.321764642,-19.1837,416.948557168,284.030425116
235604.01-002353.7,bllac,359.016723633,-0.398270010948,plotkin,26,19,0.283,91.1256192427,-19.1837,116.715208917,104.273348397
165146.61+184709.0,bllac,252.944213867,18.7858505249,plotkin,6,7,0.447,60.0346812137,-19.7773072942,-25.5697165675,-91.5881406107
075602.72+414039.8,bllac,119.01133728,41.6777305603,plotkin,0,1,0.579,47.9048071677,-20.4569908507,-48.3507174761,-79.3010728706
BZBJ0809+5218,bllac,122.45479,52.31631,bzcat,60,70,0.138,180.745246649,-19.1837,-208.925817075,-236.649416232
120837.11+612106.4,bllac,182.154632568,61.3517799377,plotkin,48,39,0.275,93.5993174175,-19.1837,148.912332666,143.204958534
BZBJ0110+4149,bllac,17.51996,41.83081,bzcat,204,169,0.096,257.43373439,-19.1837,698.187637921,357.184531426
BZQJ2151+0552,fsrq,327.90783,5.87028,bzcat,1,1,0.74,39.0463276112,-21.1118209717,0.0,0.0
BZBJ1458+3720,bllac,224.68663,37.33933,bzcat,11,14,0.333,78.3732358199,-19.1837,-64.2680126609,-110.61236763
J145859.4+041614.1,fsrq,224.7475,4.27058333333,chen,17,11,0.392,67.5374362551,-19.4374489947,155.038307763,128.134781722
BZBJ1735+5650,bllac,263.79508,56.83964,bzcat,16,7,0.388,68.1670056139,-19.4110519507,228.387168514,115.817403903
J152942.2+350851.5,fsrq,232.425833333,35.1476388889,chen,13,16,0.287,89.9407816974,-19.1837,-50.2126908217,-91.7365080358
103852.18+325651.6,bllac,159.717453003,32.947681427,plotkin,20,14,0.321,81.0690229562,-19.1837,127.114253213,115.379478937
BZUJ2318+3048,uncertain,349.65375,30.81031,bzcat,113,136,0.103,240.304092247,-19.1837,-462.415991824,-319.689152112
085229.10+243354.4,bllac,133.121276855,24.565120697,plotkin,27,20,0.358,73.3418274377,-19.2047159189,155.067880017,141.499169569
BZQJ1233-0031,fsrq,188.26692,-0.52619,bzcat,3,6,0.471,57.3159241261,-19.913662535,-85.0175523576,-102.72709937
BZBJ1506+4334,bllac,226.5735,43.57042,bzcat,5,4,0.47,57.4235897325,-19.9081106688,28.2178968889,78.605964847
083417.58+182501.6,bllac,128.573272705,18.4171199799,plotkin,8,17,0.336,77.7296059771,-19.1837,-193.33789307,-131.9525765
140330.85+360651.1,bllac,210.878555298,36.1142196655,plotkin,34,26,0.25,102.356060152,-19.1837,129.181383245,116.375327512
BZBJ1125-0742,candidate,171.46663,-7.70586,bzcat,30,12,0.279,92.3446276309,-19.1837,298.974334783,102.765506646
162451.69+232515.8,bllac,246.215377808,23.4210605621,plotkin,7,10,0.441,60.7612058744,-19.7421636919,-74.763949488,-111.172537599
BZBJ1435+5815,candidate,218.9415,58.25686,bzcat,23,15,0.299,86.5776313173,-19.1837,135.437793039,97.7682407348
BZBJ0740+3322,bllac,115.2065,33.36753,bzcat,3,1,0.67,42.3642128984,-20.8455623556,132.788943973,127.539615842
134853.41+075647.7,bllac,207.222564697,7.94659996033,plotkin,31,24,0.25,102.356060152,-19.1837,113.03371034,111.360421619
132759.77+645811.3,bllac,201.999053955,64.9698181152,plotkin,22,5,0.447,60.0346812137,-19.7773072942,434.685181647,128.994088298
BZBJ0111+0536,candidate,17.87625,5.60736,bzcat,23,17,0.346,75.6654125289,-19.1837,130.079601808,127.764541298
085253.08+175718.5,bllac,133.221206665,17.9551391602,plotkin,55,58,0.211,120.182174685,-19.1837,-46.5906936512,-156.092344491
BZBJ2350+3622,bllac,357.65388,36.36825,bzcat,16,9,0.317,82.013322898,-19.1837,147.747817484,99.4711899893
BZQJ2030-0622,fsrq,307.56304,-6.37083,bzcat,1,4,0.667,42.5223194781,-20.8335689507,-196.879410315,-205.023646747
BZBJ2343+3439,bllac,355.89,34.66361,bzcat,10,10,0.366,71.8781471697,-19.2612448109,0.0,0.0
103317.94+422236.3,bllac,158.324783325,42.3767814636,plotkin,40,31,0.211,120.182174685,-19.1837,139.772080954,121.682111803
BZBJ0741+3205,bllac,115.27475,32.09556,bzcat,71,50,0.179,140.63482698,-19.1837,340.507966262,166.546002046
BZBJ2248-0036,bllac,342.081,-0.61158,bzcat,39,39,0.212,119.642821962,-19.1837,0.0,0.0
BZBJ2211-0003,bllac,332.78475,-0.05069,bzcat,12,21,0.362,72.601830766,-19.233123346,-203.022496633,-150.464088159
165109.19+421253.4,bllac,252.788299561,42.2148590088,plotkin,20,18,0.269,95.551721006,-19.1837,32.9001907404,93.6644797875
BZQJ1548+3511,fsrq,237.07467,35.19122,bzcat,3,4,0.479,56.4709854597,-19.9576897279,-29.3289533807,-81.7010100899
J164147.6+393503.4,fsrq,250.448333333,39.5842777778,chen,6,3,0.539,50.9439559895,-20.2677054184,123.983019954,117.402602253
J133253.3+020045.4,fsrq,203.222083333,2.01261111111,chen,50,37,0.216,117.535530116,-19.1837,202.918797263,135.655894545
BZQJ1546+0026,fsrq,236.53971,0.44017,bzcat,3,2,0.556,49.5979861211,-20.3497034292,44.174016447,92.4493674035
BZBJ0751+2913,bllac,117.78987,29.22653,bzcat,47,37,0.185,136.259337678,-19.1837,163.162207124,138.956353943
TeV J2202+422,bllac,330.680416667,42.2777777778,tevcat,0,0,0.069,356.090834606,-19.1837,0.0,0.0
123438.95+391046.8,bllac,188.66229248,39.1796684265,plotkin,5,2,0.584,47.5546733989,-20.4797855454,147.935336231,124.554954602
153311.25+185429.1,bllac,233.296875,18.9080905914,plotkin,19,16,0.307,84.4825129622,-19.1837,62.7296352636,114.604447507
TeV J0013-188,bllac,3.46666666667,-18.8913888889,tevcat,6,29,0.095,260.087082776,-19.1837,-458.29416792,-169.088043914
BZBJ0950+4553,bllac,147.54933,45.88892,bzcat,6,8,0.399,66.4663637056,-19.4830546445,-53.341967769,-105.071491085
BZQJ1359+4011,fsrq,209.90871,40.19397,bzcat,12,10,0.406,65.4326041852,-19.5279312462,42.9079075388,93.2691980302
J103214.6+635950.2,fsrq,158.060833333,63.9972777778,chen,5,2,0.556,49.5979861211,-20.3497034292,132.522049341,111.577654535
BZBJ0138-1754,bllac,24.54858,-17.90483,bzcat,6,7,0.53,51.6920616041,-20.2233135349,-39.8976721721,-142.90942957
BZUJ1550+1120,uncertain,237.68163,11.3465,bzcat,20,12,0.436,61.3821109899,-19.7125387704,195.149204137,129.722855532
BZUJ0909+4253,uncertain,137.38954,42.89625,bzcat,5,1,0.67,42.3642128984,-20.8455623556,265.577887945,158.375520299
144932.70+274621.6,bllac,222.386260986,27.7726898193,plotkin,50,43,0.227,112.124822087,-19.1837,110.480970077,140.875946671
TeV J1224+213,fsrq,186.226666667,21.3794444444,tevcat,14,4,0.432,61.8893033018,-19.6886128254,239.796134299,98.1700890176
080323.01+481618.6,bllac,120.845901489,48.2718505859,plotkin,9,12,0.5,54.3833893141,-20.0701006306,-96.3007040116,-154.881553241
BZBJ0955+3551,bllac,148.78283,35.85022,bzcat,5,2,0.557,49.5214128636,-20.3544535906,133.042819407,112.016119702
J080131.9+473616.1,fsrq,120.382916667,47.6044722222,chen,91,72,0.157,159.547417689,-19.1837,301.022968622,187.915330967
BZBJ0056+1625,candidate,14.23038,16.42036,bzcat,28,21,0.206,122.957758763,-19.1837,108.159795206,100.718948199
BZBJ1219-0314,bllac,184.94046,-3.24,bzcat,23,24,0.299,86.5776313173,-19.1837,-16.9297241298,-109.140930162
BZQJ1421+3855,fsrq,215.27513,38.92294,bzcat,10,2,0.489,55.4542154449,-20.0117763387,244.931065911,103.282089733
085638.50+014000.6,bllac,134.160430908,1.6668599844,plotkin,3,4,0.448,59.915506582,-19.7831223396,-25.6794304072,-71.5346154898
BZQJ1356+4136,fsrq,209.03067,41.60425,bzcat,0,2,0.697,41.0037656734,-20.9512662185,-147.504267002,-171.066797813
BZQJ2211+1841,fsrq,332.97454,18.69719,bzcat,180,182,0.07,351.078864315,-19.1837,-38.7355004207,-340.773349679
160519.04+542059.9,bllac,241.329376221,54.3499794006,plotkin,30,25,0.212,119.642821962,-19.1837,77.7300331985,106.861128271
BZBJ1324+4048,bllac,201.05042,40.80328,bzcat,7,4,0.496,54.7672071375,-20.0490306706,94.656633926,98.5722592591
BZQJ1716+2152,fsrq,259.04662,21.87047,bzcat,21,17,0.358,73.3418274377,-19.2047159189,88.6102171523,126.735070917
BZQJ1053-0014,fsrq,163.42592,-0.23894,bzcat,0,2,0.676,42.0523000146,-20.8693969871,-135.918432728,-157.630226726
BZUJ0751+1730,uncertain,117.8545,17.51419,bzcat,78,63,0.185,136.259337678,-19.1837,244.743310686,179.826663807
BZQJ0209+1352,fsrq,32.4,13.86686,bzcat,5,4,0.631,44.5393324135,-20.6855269531,57.1090697619,159.087459558
BZQJ2228+2503,fsrq,337.00646,25.05086,bzcat,3,5,0.558,49.445114111,-20.3591960759,-89.0438226262,-143.923577408
BZBJ1217-0029,bllac,184.49471,-0.49619,bzcat,17,10,0.419,63.6053673134,-19.6094188397,158.773276987,110.886408903
BZBJ0854+6218,bllac,133.71075,62.31394,bzcat,31,18,0.267,96.2221310836,-19.1837,213.436756179,108.1859266
BZQJ0834+6019,fsrq,128.57312,60.32975,bzcat,1,3,0.72,39.9270291266,-21.0382829752,-161.413880578,-214.595489679
BZBJ0754+4546,bllac,118.64925,45.77919,bzcat,19,19,0.456,58.9811768338,-19.8292153946,0.0,0.0
BZBJ1241+0636,bllac,190.45125,6.60028,bzcat,75,66,0.15,166.731212869,-19.1837,141.529461847,172.651334451
BZUJ1330+5202,uncertain,202.6775,52.03761,bzcat,7,1,0.688,41.4451316897,-20.9164703095,427.245166532,197.464521748
BZQJ1159+2914,fsrq,179.88262,29.24578,bzcat,3,0,0.725,39.7021944365,-21.0568486549,246.929716201,142.56493812
BZBJ1705+6042,bllac,256.39508,60.70439,bzcat,21,29,0.277,92.9674168262,-19.1837,-132.621954011,-125.170202806
BZBJ0026-0005,candidate,6.53487,-0.09639,bzcat,127,123,0.107,231.522880294,-19.1837,80.7790411866,293.94998065
093037.57+495025.6,bllac,142.656555176,49.8404502869,plotkin,52,37,0.187,134.863403349,-19.1837,245.251485007,143.964455387
J083353.9+422401.8,fsrq,128.474583333,42.4005,chen,15,15,0.249,102.743097644,-19.1837,0.0,0.0
BZBJ0920+3910,bllac,140.06542,39.17047,bzcat,3,3,0.607,46.0196506812,-20.5823384735,0.0,0.0
BZQJ1803+0934,fsrq,270.89021,9.57386,bzcat,1,1,0.683,41.6954698396,-20.8969519438,0.0,0.0
BZBJ1446+4127,bllac,221.63571,41.45833,bzcat,4,3,0.638,44.1289463163,-20.7149274011,58.6690483441,144.545105099
BZBJ0856+5418,bllac,134.03421,54.31497,bzcat,48,36,0.259,99.0078651005,-19.1837,195.489539269,139.035993835
133105.70-002221.2,bllac,202.773742676,-0.372570008039,plotkin,19,26,0.243,105.132534602,-19.1837,-112.255636348,-114.456269415
BZUJ1049+2328,uncertain,162.25117,23.63928,bzcat,14,14,0.319,81.5381910745,-19.1837,0.0,0.0
BZBJ0431+1731,bllac,67.98908,17.52661,bzcat,0,0,0.143,174.619720237,-19.1837,0.0,0.0
BZQJ1738+3224,fsrq,264.66875,32.4025,bzcat,67,72,0.126,197.43333034,-19.1837,-103.109659864,-232.104402023
BZUJ1435+2021,uncertain,218.84146,20.355,bzcat,1,2,0.748,38.707530565,-21.1407055341,-90.1372297033,-188.64324632
102128.87+380643.2,bllac,155.370300293,38.1120300293,plotkin,6,4,0.467,57.7493933219,-19.8913891372,55.7144196722,82.4498117955
J133437.4+563147.9,fsrq,203.655833333,56.5299722222,chen,17,14,0.343,76.2719283916,-19.1837,64.8615433909,111.633899751
BZBJ1337+0035,bllac,204.38067,0.59139,bzcat,21,22,0.299,86.5776313173,-19.1837,-16.9297241298,-104.608709231
BZQJ0112+3522,fsrq,18.05392,35.37203,bzcat,5,3,0.45,59.6787730772,-19.7947162509,51.8005652514,68.8674829324
122353.05+465048.8,bllac,185.971054077,46.8469085693,plotkin,32,30,0.261,98.2953345454,-19.1837,32.6452638334,118.493763881
BZQJ2219+2613,fsrq,334.95725,26.22442,bzcat,238,249,0.085,290.057024949,-19.1837,-216.724690867,-409.413401801
BZBJ2334-0834,candidate,353.70121,-8.57714,bzcat,34,28,0.208,121.831452857,-19.1837,92.897539002,113.057148869
BZUJ0753+2921,uncertain,118.35254,29.35886,bzcat,76,75,0.161,155.723422203,-19.1837,15.9107125271,179.833287425
BZBJ0227+0202,bllac,36.81908,2.03336,bzcat,18,14,0.456,58.9811768338,-19.8292153946,106.297881222,139.762514202
J074218.2+194719.7,fsrq,115.575833333,19.7888055556,chen,1,1,0.657,43.0599833416,-20.7932189492,0.0,0.0
083724.71+145819.8,bllac,129.352966309,14.9721698761,plotkin,47,30,0.278,92.6549002417,-19.1837,282.093122419,136.533087385
BZBJ1028+0555,bllac,157.11504,5.92089,bzcat,36,34,0.234,108.94752941,-19.1837,31.7876387268,122.557734765
BZBJ2307+1450,candidate,346.89154,14.83844,bzcat,3,6,0.503,54.0995883603,-20.0858008178,-107.707824729,-130.143859792
BZUJ2341+0018,uncertain,355.27879,0.30925,bzcat,49,47,0.277,92.9674168262,-19.1837,33.1554885027,149.595197956
BZBJ0825+0309,bllac,126.45971,3.15681,bzcat,5,4,0.506,53.819207192,-20.1014140419,36.3257126845,101.191726143
BZQJ0130+0842,fsrq,22.61517,8.71283,bzcat,1,3,0.725,39.7021944365,-21.0568486549,-164.619810801,-218.85768921
BZQJ0811+5714,fsrq,122.75254,57.23681,bzcat,6,2,0.611,45.7646998885,-20.5998002979,211.548182992,143.67377042
142421.17+370552.8,bllac,216.088241577,37.0980186462,plotkin,27,25,0.29,89.0737371263,-19.1837,33.5711302824,111.658709791
TeV J1555+111,bllac,238.93625,11.1947222222,tevcat,8,2,0.5,54.3833893141,-20.0701006306,192.601408023,98.3127006962
BZBJ0148+1402,bllac,27.12375,14.03833,bzcat,81,90,0.125,198.968854578,-19.1837,-185.394668459,-261.45834114
BZBJ1800+7828,bllac,270.19033,78.46778,bzcat,2,0,0.68,41.8474788819,-20.8851756111,138.048228977,97.6148388406
J142606.2+402432.0,fsrq,216.525833333,40.4088888889,chen,4,2,0.664,42.6818845167,-20.8215243323,129.735757782,150.459922935
J092554.7+400414.2,fsrq,141.477916667,40.0706111111,chen,7,3,0.471,57.3159241261,-19.913662535,113.356736477,85.3475357807
105538.62+305251.0,bllac,163.910949707,30.8808498383,plotkin,14,15,0.243,105.132534602,-19.1837,-16.0365194783,-82.3190644161
BZQJ0259+1925,fsrq,44.87354,19.42914,bzcat,5,1,0.545,50.4591595255,-20.2969180678,169.240364077,100.925310174
BZQJ1707+4536,fsrq,256.824,45.60292,bzcat,0,1,0.648,43.5583637049,-20.7564039425,-60.9758012565,-100.007749858
J161035.4+480022.3,fsrq,242.6475,48.0061944444,chen,33,30,0.247,103.526619642,-19.1837,48.3000541295,117.981389207
BZQJ1225+4834,fsrq,186.27708,48.57644,bzcat,3,1,0.647,43.6146118141,-20.7522836456,121.48177259,116.679432372
TeV J0349-119,bllac,57.3458333333,-11.9772222222,tevcat,46,49,0.188,134.176615776,-19.1837,-49.1011284521,-151.613952436
BZBJ1001+2048,bllac,150.42679,20.80494,bzcat,25,21,0.344,76.0685672385,-19.1837,86.5612714356,135.990071583
BZUJ1608+6018,uncertain,242.08558,60.30781,bzcat,42,41,0.178,141.392833728,-19.1837,16.1977506135,135.800534652
BZBJ0855+4237,bllac,133.95229,42.62025,bzcat,9,8,0.517,52.8193731157,-20.157937407,37.9207128588,144.497322927
140642.75+530833.8,bllac,211.678131104,53.1427383423,plotkin,7,2,0.458,58.7527576899,-19.8406220339,134.015690233,77.5903395576
BZBJ1016+4108,bllac,154.07008,41.13672,bzcat,32,32,0.27,95.2202558342,-19.1837,0.0,0.0
BZQJ1220+0203,fsrq,185.0495,2.06172,bzcat,28,20,0.241,105.955579062,-19.1837,128.038301505,103.475625003
BZQJ2143+1743,fsrq,325.89808,17.73022,bzcat,22,32,0.213,119.108551752,-19.1837,-155.617850563,-124.572065076
BZBJ1124+5133,bllac,171.05488,51.56375,bzcat,27,26,0.235,108.50914594,-19.1837,15.9096631713,106.654091141
TeV J1224+246,bllac,186.100833333,24.6066666667,tevcat,27,25,0.218,116.510997341,-19.1837,31.2814434943,104.043134431
153149.47+465913.7,bllac,232.95614624,46.987159729,plotkin,12,13,0.316,82.2531570307,-19.1837,-21.0871205144,-101.064301249
BZUJ0028+0035,uncertain,7.16571,0.59506,bzcat,5,3,0.687,41.4949039594,-20.9125772517,141.861224979,188.600750641
BZBJ1051+3943,bllac,162.85575,39.72381,bzcat,3,4,0.498,54.5745163697,-20.0595852697,-31.8249988262,-88.6541881146
BZUJ0128+4901,uncertain,22.03358,49.01833,bzcat,308,267,0.067,366.563764907,-19.1837,791.340188398,428.21650732
131931.73+140533.1,bllac,199.882247925,14.0925397873,plotkin,12,3,0.573,48.3331759746,-20.4293926519,425.008108869,177.133928857
BZQJ1152+3209,fsrq,178.11467,32.16647,bzcat,14,5,0.374,70.4776388998,-19.3166526407,214.365612213,99.4970775648
000257.17-002447.3,bllac,0.738240003586,-0.413150012493,plotkin,5,0,0.522,52.3790428902,-20.1832611788,193.34504148,86.4665311723
BZQJ1415+0832,fsrq,213.79133,8.53483,bzcat,19,19,0.327,79.6962123115,-19.1837,0.0,0.0
BZBJ1243-0613,bllac,190.89379,-6.2225,bzcat,84,66,0.139,179.484827011,-19.1837,376.472981659,238.04729723
091045.30+254812.8,bllac,137.688766479,25.8035793304,plotkin,17,14,0.384,68.8098285463,-19.3844037648,74.763690014,128.676590776
J165005.5+414032.6,fsrq,252.522916667,41.6757222222,chen,4,3,0.585,47.485378377,-20.4843224763,49.5063663198,121.970666386
BZQJ1715+3619,fsrq,258.78487,36.33058,bzcat,2,2,0.555,49.6748399374,-20.3449452824,0.0,0.0
BZUJ0950+1804,uncertain,147.50125,18.07186,bzcat,87,89,0.154,162.546066447,-19.1837,-31.5856006126,-194.969139743
124834.30+512807.8,bllac,192.142944336,51.4688415527,plotkin,9,13,0.351,74.6777751952,-19.1837,-87.1161362184,-110.98763284
BZUJ1603+1554,uncertain,240.90858,15.90067,bzcat,132,129,0.11,225.356483888,-19.1837,60.7862912943,301.224543229
BZQJ2253+1942,fsrq,343.28071,19.70961,bzcat,11,18,0.284,90.8262574806,-19.1837,-116.82711461,-102.093361192
101244.30+422957.0,bllac,153.184616089,42.4991798401,plotkin,17,18,0.365,72.0575648915,-19.254241052,-22.8669044924,-128.177107893
BZQJ0956+2515,fsrq,149.20783,25.25447,bzcat,5,1,0.708,40.479884739,-20.9932186886,307.97899729,183.661125985
024302.93+004627.3,bllac,40.7622184753,0.774249970913,plotkin,13,8,0.41,64.8578993132,-19.5532568545,109.123078464,93.9219490033
BZQJ2354-0019,fsrq,358.53825,-0.33,bzcat,6,3,0.462,58.3019281749,-19.8632979787,81.7995004002,77.4579794357
BZBJ0109+1816,candidate,17.28408,18.26875,bzcat,91,89,0.145,172.288012203,-19.1837,42.1015292457,259.881046417
BZQJ1631+4927,fsrq,247.81892,49.46097,bzcat,11,8,0.52,52.5541464334,-20.173158666,115.10370155,155.945575287
BZQJ0217-0820,fsrq,34.26108,-8.34789,bzcat,1,4,0.607,46.0196506812,-20.5823384735,-156.247557794,-162.710991683
